1,[9 8 5 21 22 25 11 24 13 19 7 12 3 2 20 4 23 6 1 15 17 14 18 16 10],(254)
2,[9 8 22 21 6 25 5 24 13 19 7 12 3 2 20 4 23 11 1 15 17 14 18 16 10],(200)
3,[9 8 22 21 6 25 5 24 13 2 7 12 3 18 20 4 23 11 1 15 17 14 10 16 19],(140)
4,[19 8 22 21 6 25 5 16 13 2 7 12 3 18 20 4 23 11 1 15 17 14 10 9 24],(116)
5,[19 8 22 21 6 25 16 14 13 2 7 12 3 18 20 4 23 11 1 15 17 5 10 9 24],(92)
6,[19 8 22 11 6 25 16 14 13 2 7 12 3 18 20 4 23 21 1 15 17 5 10 9 24],(78)
7,[19 8 22 11 6 20 16 14 13 2 7 12 3 18 25 4 23 21 1 15 17 5 10 9 24],(66)
8,[19 8 11 22 6 20 16 14 13 2 7 12 3 18 25 4 23 21 1 15 17 5 10 9 24],(62)
9,[19 8 17 22 6 20 16 14 13 2 7 12 3 18 25 4 23 21 1 15 11 5 10 9 24],(58)
10,[19 8 17 22 4 20 16 14 13 2 7 12 3 18 25 6 23 21 1 15 11 5 10 9 24],(54)
11,[19 8 17 22 4 20 16 13 14 2 7 12 3 18 25 6 23 21 1 15 11 5 10 9 24],(52)
12,[19 8 17 22 4 20 16 13 15 2 7 12 3 18 25 6 23 21 1 11 14 5 10 9 24],(48)
13,[19 8 17 22 4 20 16 13 15 2 7 10 3 18 25 6 23 21 1 11 14 5 12 9 24],(48)
14,[19 8 17 22 4 20 16 13 15 2 7 10 6 18 25 3 23 21 1 11 14 5 12 9 24],(44)
15,[19 8 17 22 4 20 16 13 14 2 7 10 6 18 25 3 23 21 1 11 15 5 12 9 24],(42)
16,[19 8 17 22 4 20 16 11 14 2 7 10 6 18 25 3 23 21 1 13 15 5 12 9 24],(38)
17,[19 8 17 22 4 20 16 11 14 2 7 10 6 18 25 3 24 21 1 13 15 5 12 9 23],(34)
18,[19 8 17 22 4 20 16 11 14 2 7 10 6 18 25 3 24 21 1 13 15 5 9 12 23],(32)
19,[19 8 17 20 4 22 16 11 14 2 7 10 6 18 25 3 24 21 1 13 15 5 9 12 23],(26)
20,[19 8 17 20 3 22 16 11 14 2 7 10 6 18 25 4 24 21 1 13 15 5 9 12 23],(24)
21,[19 8 17 20 3 22 16 9 14 2 7 10 6 18 25 4 24 21 1 13 15 5 11 12 23],(26)
22,[19 8 17 20 3 22 16 10 14 2 7 9 6 18 25 4 24 21 1 13 15 5 11 12 23],(22)
23,[19 8 17 20 3 22 16 10 14 2 7 9 6 18 25 4 24 21 1 15 13 5 11 12 23],(24)
24,[19 8 17 20 3 22 16 10 15 2 7 9 6 18 25 4 24 21 1 14 13 5 11 12 23],(24)
25,[19 8 15 20 3 22 17 10 16 2 7 9 6 18 25 4 24 21 1 14 13 5 11 12 23],(24)
26,[19 8 15 20 3 22 16 10 17 2 7 9 6 18 25 4 24 21 1 14 13 5 11 12 23],(26)
27,[20 8 15 19 3 22 16 10 17 2 7 9 6 18 25 4 24 21 1 14 13 5 11 12 23],(28)
28,[20 8 17 19 3 22 16 10 15 2 7 9 6 18 25 4 24 21 1 14 13 5 11 12 23],(26)
29,[20 8 17 19 3 22 16 10 15 2 7 9 6 18 25 4 24 21 1 13 14 5 11 12 23],(24)
30,[20 8 17 19 3 22 16 10 15 2 7 9 6 18 24 4 25 21 1 13 14 5 11 12 23],(18)
31,[18 8 17 19 3 22 16 10 15 2 7 9 6 20 24 4 25 21 1 13 14 5 11 12 23],(14)
32,[18 8 17 19 3 22 16 10 15 2 7 9 6 21 24 4 25 20 1 13 14 5 11 12 23],(18)
33,[18 8 17 19 3 22 16 11 15 2 7 9 6 21 24 4 25 20 1 13 14 5 10 12 23],(22)
34,[18 8 17 19 3 22 16 10 15 2 7 9 6 21 24 4 25 20 1 13 14 5 11 12 23],(18)
35,[19 8 17 18 3 22 16 10 15 2 7 9 6 21 24 4 25 20 1 13 14 5 11 12 23],(20)
36,[21 8 17 18 3 22 16 10 15 2 7 9 6 19 24 4 25 20 1 13 14 5 11 12 23],(22)
37,[19 8 17 18 3 22 16 10 15 2 7 9 6 21 24 4 25 20 1 13 14 5 11 12 23],(20)
38,[19 8 17 18 3 22 16 9 15 2 7 10 6 21 24 4 25 20 1 13 14 5 11 12 23],(22)
39,[20 8 17 18 3 22 16 9 15 2 7 10 6 21 24 4 25 19 1 13 14 5 11 12 23],(26)
40,[18 8 17 20 3 22 16 9 15 2 7 10 6 21 24 4 25 19 1 13 14 5 11 12 23],(22)
41,[18 8 16 20 3 22 17 9 15 2 7 10 6 21 24 4 25 19 1 13 14 5 11 12 23],(20)
42,[18 8 16 20 3 22 17 9 15 2 6 10 7 21 24 4 25 19 1 13 14 5 11 12 23],(22)
43,[18 8 16 20 3 22 17 9 15 2 6 10 7 21 24 4 25 19 1 14 13 5 11 12 23],(24)
44,[18 8 16 20 3 22 17 9 15 2 6 10 7 21 24 4 25 19 1 14 13 5 12 11 23],(22)
45,[19 8 16 20 3 22 17 9 15 2 6 10 7 18 24 4 25 21 1 14 13 5 12 11 23],(18)
46,[19 8 16 20 3 22 17 10 15 2 6 9 7 18 24 4 25 21 1 14 13 5 12 11 23],(20)
47,[19 8 17 20 3 22 16 10 15 2 6 9 7 18 24 4 25 21 1 14 13 5 12 11 23],(20)
48,[19 8 17 20 3 22 16 12 15 2 6 9 7 18 24 4 25 21 1 14 13 5 10 11 23],(24)
49,[19 8 17 20 3 22 16 12 15 2 6 9 7 18 24 4 25 21 1 13 14 5 10 11 23],(22)
50,[19 8 17 20 3 22 16 12 15 2 7 9 6 18 24 4 25 21 1 13 14 5 10 11 23],(20)
51,[19 8 15 20 3 22 16 12 17 2 7 9 6 18 24 4 25 21 1 13 14 5 10 11 23],(22)
52,[19 8 15 20 3 22 16 12 17 2 9 7 6 18 24 4 25 21 1 13 14 5 10 11 23],(22)
53,[20 8 15 19 3 22 16 12 17 2 9 7 6 18 24 4 25 21 1 13 14 5 10 11 23],(22)
54,[20 8 15 19 3 21 16 12 17 2 9 7 6 18 24 4 25 22 1 13 14 5 10 11 23],(20)
55,[20 8 15 19 3 21 16 12 17 2 7 9 6 18 24 4 25 22 1 13 14 5 10 11 23],(22)
56,[20 8 15 19 3 21 16 12 17 2 7 9 6 18 24 4 25 22 1 13 14 5 11 10 23],(20)
57,[20 8 15 19 3 21 17 12 16 2 7 9 6 18 24 4 25 22 1 13 14 5 11 10 23],(22)
58,[20 8 15 19 3 21 17 10 16 2 7 9 6 18 24 4 25 22 1 13 14 5 11 12 23],(18)
59,[20 8 15 19 3 21 17 10 16 2 6 9 7 18 24 4 25 22 1 13 14 5 11 12 23],(18)
60,[20 8 15 19 3 21 17 10 16 2 6 9 7 18 25 4 24 22 1 13 14 5 11 12 23],(22)
61,[20 8 15 19 3 21 17 10 16 2 7 9 6 18 25 4 24 22 1 13 14 5 11 12 23],(22)
62,[20 8 16 19 3 21 17 10 15 2 7 9 6 18 25 4 24 22 1 13 14 5 11 12 23],(20)
63,[14 8 16 19 3 21 20 10 15 2 7 9 6 18 25 4 24 22 1 13 17 5 11 12 23],(30)
64,[14 8 16 19 3 21 20 10 15 2 7 9 6 18 24 4 25 22 1 13 17 5 11 12 23],(30)
65,[14 8 16 19 3 21 20 10 15 2 7 9 6 18 24 5 25 22 1 13 17 4 11 12 23],(30)
66,[14 8 16 20 3 21 19 10 15 2 7 9 6 18 24 5 25 22 1 13 17 4 11 12 23],(28)
67,[15 8 16 20 3 21 19 10 14 2 7 9 6 18 24 5 25 22 1 13 17 4 11 12 23],(22)
68,[17 8 16 20 3 21 19 10 14 2 7 9 6 18 24 5 25 22 1 13 15 4 11 12 23],(18)
69,[17 8 16 20 4 21 19 10 14 2 7 9 6 18 24 3 25 22 1 13 15 5 11 12 23],(20)
70,[17 8 16 20 4 21 19 10 15 2 7 9 6 18 24 3 25 22 1 13 14 5 11 12 23],(22)
71,[17 8 16 20 3 21 19 10 15 2 7 9 6 18 24 4 25 22 1 13 14 5 11 12 23],(20)
72,[17 8 16 20 3 21 18 10 15 2 7 9 6 19 24 4 25 22 1 13 14 5 11 12 23],(14)
73,[18 8 16 20 3 21 17 10 15 2 7 9 6 19 24 4 25 22 1 13 14 5 11 12 23],(12)
74,[18 8 16 20 3 21 17 10 15 2 9 7 6 19 24 4 25 22 1 13 14 5 11 12 23],(16)
75,[18 8 16 20 3 21 17 10 15 2 9 7 6 19 25 4 24 22 1 13 14 5 11 12 23],(20)
76,[18 8 16 20 3 21 17 10 15 2 9 7 6 19 24 4 25 22 1 13 14 5 11 12 23],(16)
77,[18 8 16 20 3 21 17 10 15 2 7 9 6 19 24 4 25 22 1 13 14 5 11 12 23],(12)
78,[18 8 16 20 3 21 17 10 14 2 7 9 6 19 24 4 25 22 1 13 15 5 11 12 23],(12)
79,[18 8 16 20 3 21 17 10 15 2 7 9 6 19 24 4 25 22 1 13 14 5 11 12 23],(12)
80,[18 8 16 20 3 21 17 9 15 2 7 10 6 19 24 4 25 22 1 13 14 5 11 12 23],(16)
81,[18 8 16 20 3 21 17 9 14 2 7 10 6 19 24 4 25 22 1 13 15 5 11 12 23],(16)
82,[18 8 16 20 3 21 17 11 14 2 7 9 6 19 24 4 25 22 1 13 15 5 10 12 23],(14)
83,[18 8 16 20 3 21 17 10 14 2 7 9 6 19 24 4 25 22 1 13 15 5 11 12 23],(12)
84,[19 8 16 20 3 21 17 10 14 2 7 9 6 18 24 4 25 22 1 13 15 5 11 12 23],(16)
85,[18 8 16 20 3 21 17 10 14 2 7 9 6 19 24 4 25 22 1 13 15 5 11 12 23],(12)
86,[18 8 17 20 3 21 16 10 14 2 7 9 6 19 24 4 25 22 1 13 15 5 11 12 23],(16)
87,[16 8 17 20 3 21 18 10 14 2 7 9 6 19 24 4 25 22 1 13 15 5 11 12 23],(16)
88,[16 8 17 20 3 21 18 10 14 2 7 9 6 19 24 4 25 23 1 13 15 5 11 12 22],(18)
89,[18 8 17 20 3 21 16 10 14 2 7 9 6 19 24 4 25 23 1 13 15 5 11 12 22],(20)
90,[18 8 17 20 3 23 16 10 14 2 7 9 6 19 24 4 25 21 1 13 15 5 11 12 22],(18)
91,[18 8 17 20 3 22 16 10 14 2 7 9 6 19 24 4 25 21 1 13 15 5 11 12 23],(16)
92,[18 8 16 20 3 22 17 10 14 2 7 9 6 19 24 4 25 21 1 13 15 5 11 12 23],(14)
93,[18 8 16 20 3 23 17 10 14 2 7 9 6 19 24 4 25 21 1 13 15 5 11 12 22],(18)
94,[18 8 16 20 3 22 17 10 14 2 7 9 6 19 24 4 25 21 1 13 15 5 11 12 23],(14)
95,[18 8 16 20 3 21 17 10 14 2 7 9 6 19 24 4 25 22 1 13 15 5 11 12 23],(12)
96,[18 8 16 20 2 21 17 10 14 3 7 9 6 19 24 4 25 22 1 13 15 5 11 12 23],(14)
97,[18 8 17 20 2 21 16 10 14 3 7 9 6 19 24 4 25 22 1 13 15 5 11 12 23],(16)
98,[18 8 16 20 2 21 17 10 14 3 7 9 6 19 24 4 25 22 1 13 15 5 11 12 23],(14)
99,[18 8 16 20 2 22 17 10 14 3 7 9 6 19 24 4 25 21 1 13 15 5 11 12 23],(18)
100,[18 8 17 20 2 22 16 10 14 3 7 9 6 19 24 4 25 21 1 13 15 5 11 12 23],(16)
101,[18 8 17 20 2 22 16 10 14 3 7 9 6 19 25 4 24 21 1 13 15 5 11 12 23],(20)
102,[18 9 17 20 2 22 16 10 14 3 7 8 6 19 25 4 24 21 1 13 15 5 11 12 23],(20)
103,[18 9 17 20 2 22 16 10 14 3 7 8 6 19 24 4 25 21 1 13 15 5 11 12 23],(18)
104,[18 9 17 20 2 22 16 10 15 3 7 8 6 19 24 4 25 21 1 13 14 5 11 12 23],(16)
105,[18 9 17 20 2 21 16 10 15 3 7 8 6 19 24 4 25 22 1 13 14 5 11 12 23],(16)
106,[18 9 17 20 2 22 16 10 15 3 7 8 6 19 24 4 25 21 1 13 14 5 11 12 23],(16)
107,[18 9 16 20 2 22 17 10 15 3 7 8 6 19 24 4 25 21 1 13 14 5 11 12 23],(16)
108,[18 9 16 20 2 22 17 10 15 3 7 8 6 19 25 4 24 21 1 13 14 5 11 12 23],(18)
109,[18 9 16 20 2 22 17 10 13 3 7 8 6 19 25 4 24 21 1 15 14 5 11 12 23],(22)
110,[18 9 16 20 2 22 17 10 15 3 7 8 6 19 25 4 24 21 1 13 14 5 11 12 23],(18)
111,[18 10 16 20 2 22 17 9 15 3 7 8 6 19 25 4 24 21 1 13 14 5 11 12 23],(20)
112,[18 11 16 20 2 22 17 10 15 3 7 8 6 19 25 4 24 21 1 13 14 5 9 12 23],(26)
113,[18 11 16 20 2 21 17 10 15 3 7 8 6 19 25 4 24 22 1 13 14 5 9 12 23],(24)
114,[18 11 16 20 2 21 17 10 15 3 9 8 6 19 25 4 24 22 1 13 14 5 7 12 23],(30)
115,[18 11 16 20 2 21 17 10 15 3 8 7 6 19 25 4 24 22 1 13 14 5 9 12 23],(26)
116,[18 9 16 20 2 21 17 10 15 3 8 7 6 19 25 4 24 22 1 13 14 5 11 12 23],(20)
117,[18 9 16 20 2 21 17 10 15 3 8 7 6 19 25 5 24 22 1 13 14 4 11 12 23],(20)
118,[18 9 16 20 2 21 19 10 15 3 8 7 6 17 25 5 24 22 1 13 14 4 11 12 23],(26)
119,[18 9 16 20 2 21 17 10 15 3 8 7 6 19 25 5 24 22 1 13 14 4 11 12 23],(20)
120,[18 9 16 20 2 21 17 10 15 3 7 8 6 19 25 5 24 22 1 13 14 4 11 12 23],(16)
121,[18 9 16 20 2 21 17 10 15 3 7 8 6 19 25 5 24 22 1 12 14 4 11 13 23],(18)
122,[18 9 16 19 2 21 17 10 15 3 7 8 6 20 25 5 24 22 1 12 14 4 11 13 23],(20)
123,[18 9 16 20 2 21 17 10 15 3 7 8 6 19 25 5 24 22 1 12 14 4 11 13 23],(18)
124,[18 9 16 20 2 21 17 10 15 3 7 8 6 19 25 5 24 23 1 12 14 4 11 13 22],(22)
125,[18 9 16 20 2 21 17 10 15 3 7 8 6 19 25 5 24 23 1 13 14 4 11 12 22],(20)
126,[18 9 16 20 2 23 17 10 15 3 7 8 6 19 25 5 24 21 1 13 14 4 11 12 22],(24)
127,[18 9 16 20 2 21 17 10 15 3 7 8 6 19 25 5 24 23 1 13 14 4 11 12 22],(20)
128,[18 9 16 20 2 21 17 10 15 3 7 8 6 19 25 5 24 22 1 13 14 4 11 12 23],(16)
129,[18 9 16 20 2 21 17 10 15 3 7 8 6 19 25 5 24 22 1 12 14 4 11 13 23],(18)
130,[18 9 16 20 2 21 17 10 15 3 6 8 7 19 25 5 24 22 1 12 14 4 11 13 23],(22)
131,[18 9 16 20 2 21 17 10 15 3 6 8 7 19 25 5 24 22 1 13 14 4 11 12 23],(20)
132,[18 9 16 20 2 21 17 10 14 3 6 8 7 19 25 5 24 22 1 13 15 4 11 12 23],(18)
133,[18 9 16 20 2 21 17 10 15 3 6 8 7 19 25 5 24 22 1 13 14 4 11 12 23],(20)
134,[18 9 16 20 2 21 17 10 15 3 6 8 7 19 25 4 24 22 1 13 14 5 11 12 23],(20)
135,[18 8 16 20 2 21 17 10 15 3 6 9 7 19 25 4 24 22 1 13 14 5 11 12 23],(24)
136,[18 9 16 20 2 21 17 10 15 3 6 8 7 19 25 4 24 22 1 13 14 5 11 12 23],(20)
137,[17 9 16 20 2 21 18 10 15 3 6 8 7 19 25 4 24 22 1 13 14 5 11 12 23],(20)
138,[17 10 16 20 2 21 18 9 15 3 6 8 7 19 25 4 24 22 1 13 14 5 11 12 23],(18)
139,[17 10 16 20 3 21 18 9 15 2 6 8 7 19 25 4 24 22 1 13 14 5 11 12 23],(18)
140,[17 10 16 20 3 21 18 9 15 2 6 8 7 19 24 4 25 22 1 13 14 5 11 12 23],(16)
141,[17 10 16 20 2 21 18 9 15 3 6 8 7 19 24 4 25 22 1 13 14 5 11 12 23],(16)
142,[17 10 16 20 2 21 18 7 15 3 6 8 9 19 24 4 25 22 1 13 14 5 11 12 23],(20)
143,[17 10 16 20 2 21 18 7 14 3 6 8 9 19 24 4 25 22 1 13 15 5 11 12 23],(20)
144,[17 10 16 20 2 21 18 7 14 3 6 8 9 19 23 4 25 22 1 13 15 5 11 12 24],(20)
145,[16 10 17 20 2 21 18 7 14 3 6 8 9 19 23 4 25 22 1 13 15 5 11 12 24],(20)
146,[16 10 17 20 2 21 18 7 14 3 6 8 9 19 23 5 25 22 1 13 15 4 11 12 24],(18)
147,[16 10 17 20 2 21 18 7 14 3 5 8 9 19 23 6 25 22 1 13 15 4 11 12 24],(18)
148,[15 10 17 20 2 21 18 7 14 3 5 8 9 19 23 6 25 22 1 13 16 4 11 12 24],(20)
149,[15 10 18 20 2 21 17 7 14 3 5 8 9 19 23 6 25 22 1 13 16 4 11 12 24],(20)
150,[15 10 18 20 2 21 17 7 14 3 5 9 8 19 23 6 25 22 1 13 16 4 11 12 24],(18)
151,[15 10 18 20 2 22 17 7 14 3 5 9 8 19 23 6 25 21 1 13 16 4 11 12 24],(16)
152,[15 10 18 20 2 22 17 7 14 3 5 9 8 19 24 6 25 21 1 13 16 4 11 12 23],(16)
153,[15 10 18 20 2 24 17 7 14 3 5 9 8 19 22 6 25 21 1 13 16 4 11 12 23],(20)
154,[15 10 18 20 2 22 17 7 14 3 5 9 8 19 24 6 25 21 1 13 16 4 11 12 23],(16)
155,[15 10 18 20 2 22 17 7 14 3 5 9 8 19 23 6 25 21 1 13 16 4 11 12 24],(16)
156,[15 10 18 20 2 22 17 7 14 3 5 9 8 19 23 4 25 21 1 13 16 6 11 12 24],(20)
157,[15 10 18 20 2 21 17 7 14 3 5 9 8 19 23 4 25 22 1 13 16 6 11 12 24],(20)
158,[15 10 18 20 2 21 17 8 14 3 5 9 7 19 23 4 25 22 1 13 16 6 11 12 24],(22)
159,[15 8 18 20 2 21 17 10 14 3 5 9 7 19 23 4 25 22 1 13 16 6 11 12 24],(24)
160,[15 8 18 20 2 22 17 10 14 3 5 9 7 19 23 4 25 21 1 13 16 6 11 12 24],(24)
161,[15 8 18 21 2 22 17 10 14 3 5 9 7 19 23 4 25 20 1 13 16 6 11 12 24],(24)
162,[16 8 18 21 2 22 17 10 14 3 5 9 7 19 23 4 25 20 1 13 15 6 11 12 24],(20)
163,[16 8 18 21 2 22 17 10 14 3 5 12 7 19 23 4 25 20 1 13 15 6 11 9 24],(24)
164,[16 8 18 21 2 22 17 10 14 3 5 9 7 19 23 4 25 20 1 13 15 6 11 12 24],(20)
165,[16 8 18 19 2 22 17 10 14 3 5 9 7 21 23 4 25 20 1 13 15 6 11 12 24],(22)
166,[16 8 18 19 2 22 17 10 14 3 5 9 7 21 24 4 25 20 1 13 15 6 11 12 23],(24)
167,[16 8 18 19 2 23 17 10 14 3 5 9 7 21 24 4 25 20 1 13 15 6 11 12 22],(28)
168,[16 8 18 20 2 23 17 10 14 3 5 9 7 21 24 4 25 19 1 13 15 6 11 12 22],(24)
169,[16 8 18 20 2 22 17 10 14 3 5 9 7 21 24 4 25 19 1 13 15 6 11 12 23],(24)
170,[16 8 18 21 2 22 17 10 14 3 5 9 7 20 24 4 25 19 1 13 15 6 11 12 23],(22)
171,[16 7 18 21 2 22 17 10 14 3 5 9 8 20 24 4 25 19 1 13 15 6 11 12 23],(22)
172,[16 7 18 21 3 22 17 10 14 2 5 9 8 20 24 4 25 19 1 13 15 6 11 12 23],(20)
173,[16 7 18 21 3 22 17 9 14 2 5 10 8 20 24 4 25 19 1 13 15 6 11 12 23],(22)
174,[16 7 18 21 3 22 17 10 14 2 5 9 8 20 24 4 25 19 1 13 15 6 11 12 23],(20)
175,[16 7 18 20 3 22 17 10 14 2 5 9 8 19 24 4 25 21 1 13 15 6 11 12 23],(20)
176,[16 7 18 20 3 22 17 10 14 2 8 9 5 19 24 4 25 21 1 13 15 6 11 12 23],(22)
177,[16 7 18 20 3 22 17 10 14 2 5 9 8 19 24 4 25 21 1 13 15 6 11 12 23],(20)
178,[16 7 17 20 3 22 18 10 14 2 5 9 8 19 24 4 25 21 1 13 15 6 11 12 23],(20)
179,[16 7 18 20 3 22 17 10 14 2 5 9 8 19 24 4 25 21 1 13 15 6 11 12 23],(20)
180,[16 7 18 19 3 22 17 10 14 2 5 9 8 20 24 4 25 21 1 13 15 6 11 12 23],(20)
181,[16 7 18 19 3 22 17 10 14 2 5 9 8 20 24 4 25 21 1 13 15 6 12 11 23],(20)
182,[16 7 18 19 3 22 17 10 14 2 6 9 8 20 24 4 25 21 1 13 15 5 12 11 23],(18)
183,[16 7 18 20 3 22 17 10 14 2 6 9 8 19 24 4 25 21 1 13 15 5 12 11 23],(18)
184,[16 7 18 20 3 22 17 10 14 2 6 9 8 19 24 5 25 21 1 13 15 4 12 11 23],(18)
185,[16 7 19 20 3 22 17 10 14 2 6 9 8 18 24 5 25 21 1 13 15 4 12 11 23],(22)
186,[16 7 18 20 3 22 17 10 14 2 6 9 8 19 24 5 25 21 1 13 15 4 12 11 23],(18)
187,[17 7 18 20 3 22 16 10 14 2 6 9 8 19 24 5 25 21 1 13 15 4 12 11 23],(18)
188,[17 8 18 20 3 22 16 10 14 2 6 9 7 19 24 5 25 21 1 13 15 4 12 11 23],(18)
189,[17 9 18 20 3 22 16 10 14 2 6 8 7 19 24 5 25 21 1 13 15 4 12 11 23],(20)
190,[17 7 18 20 3 22 16 10 14 2 6 8 9 19 24 5 25 21 1 13 15 4 12 11 23],(20)
191,[17 7 18 20 3 22 16 10 14 2 6 8 9 19 24 5 25 21 1 13 15 4 11 12 23],(20)
192,[17 7 18 20 3 22 16 10 14 2 6 9 8 19 24 5 25 21 1 13 15 4 11 12 23],(18)
193,[17 7 18 20 3 22 16 10 14 2 6 9 8 19 24 4 25 21 1 13 15 5 11 12 23],(18)
194,[17 7 18 21 3 22 16 10 14 2 6 9 8 19 24 4 25 20 1 13 15 5 11 12 23],(20)
195,[17 7 18 20 3 22 16 10 14 2 6 9 8 19 24 4 25 21 1 13 15 5 11 12 23],(18)
196,[17 7 18 20 3 23 16 10 14 2 6 9 8 19 24 4 25 21 1 13 15 5 11 12 22],(18)
197,[17 7 18 19 3 23 16 10 14 2 6 9 8 20 24 4 25 21 1 13 15 5 11 12 22],(20)
198,[17 9 18 19 3 23 16 10 14 2 6 7 8 20 24 4 25 21 1 13 15 5 11 12 22],(22)
199,[18 9 17 19 3 23 16 10 14 2 6 7 8 20 24 4 25 21 1 13 15 5 11 12 22],(24)
200,[18 9 16 19 3 23 17 10 14 2 6 7 8 20 24 4 25 21 1 13 15 5 11 12 22],(24)
201,[18 9 16 19 3 23 17 10 13 2 6 7 8 20 24 4 25 21 1 14 15 5 11 12 22],(22)
202,[18 9 16 19 3 23 17 10 13 2 6 8 7 20 24 4 25 21 1 14 15 5 11 12 22],(20)
203,[18 9 16 19 3 23 17 10 14 2 6 8 7 20 24 4 25 21 1 13 15 5 11 12 22],(22)
204,[18 9 16 19 3 23 17 10 15 2 6 8 7 20 24 4 25 21 1 13 14 5 11 12 22],(22)
205,[18 9 16 19 3 22 17 10 15 2 6 8 7 20 24 4 25 21 1 13 14 5 11 12 23],(18)
206,[18 8 16 19 3 22 17 10 15 2 6 9 7 20 24 4 25 21 1 13 14 5 11 12 23],(18)
207,[18 8 16 19 3 22 17 10 15 2 7 9 6 20 24 4 25 21 1 13 14 5 11 12 23],(16)
208,[18 8 16 19 3 22 17 10 15 1 7 9 6 20 24 4 25 21 2 13 14 5 11 12 23],(18)
209,[18 8 17 19 3 22 16 10 15 1 7 9 6 20 24 4 25 21 2 13 14 5 11 12 23],(16)
210,[18 8 15 19 3 22 16 10 17 1 7 9 6 20 24 4 25 21 2 13 14 5 11 12 23],(22)
211,[18 9 15 19 3 22 16 10 17 1 7 8 6 20 24 4 25 21 2 13 14 5 11 12 23],(22)
212,[18 9 15 19 3 22 16 10 17 1 7 8 6 20 24 4 25 21 2 13 14 5 12 11 23],(20)
213,[18 9 16 19 3 22 15 10 17 1 7 8 6 20 24 4 25 21 2 13 14 5 12 11 23],(20)
214,[18 9 16 19 3 22 15 10 17 1 7 8 6 20 24 4 25 21 2 14 13 5 12 11 23],(22)
215,[18 10 16 19 3 22 15 9 17 1 7 8 6 20 24 4 25 21 2 14 13 5 12 11 23],(26)
216,[18 10 16 19 3 22 17 9 15 1 7 8 6 20 24 4 25 21 2 14 13 5 12 11 23],(22)
217,[18 10 16 19 3 22 17 9 15 2 7 8 6 20 24 4 25 21 1 14 13 5 12 11 23],(18)
218,[18 10 16 19 3 22 17 9 15 2 7 8 6 20 24 5 25 21 1 14 13 4 12 11 23],(18)
219,[18 10 16 19 3 22 17 9 15 2 7 8 6 20 23 5 25 21 1 14 13 4 12 11 24],(18)
220,[18 10 16 19 3 22 17 9 15 2 7 8 6 20 23 4 25 21 1 14 13 5 12 11 24],(18)
221,[18 9 16 19 3 22 17 10 15 2 7 8 6 20 23 4 25 21 1 14 13 5 12 11 24],(16)
222,[17 9 16 19 3 22 18 10 15 2 7 8 6 20 23 4 25 21 1 14 13 5 12 11 24],(18)
223,[17 9 16 19 3 22 18 10 15 2 7 8 6 20 23 4 25 21 1 13 14 5 12 11 24],(16)
224,[17 9 16 19 2 22 18 10 15 3 7 8 6 20 23 4 25 21 1 13 14 5 12 11 24],(22)
225,[17 9 16 19 2 22 18 10 15 3 6 8 7 20 23 4 25 21 1 13 14 5 12 11 24],(24)
226,[16 9 17 19 2 22 18 10 15 3 6 8 7 20 23 4 25 21 1 13 14 5 12 11 24],(22)
227,[16 9 17 19 2 23 18 10 15 3 6 8 7 20 22 4 25 21 1 13 14 5 12 11 24],(24)
228,[16 10 17 19 2 23 18 9 15 3 6 8 7 20 22 4 25 21 1 13 14 5 12 11 24],(24)
229,[16 10 17 19 2 23 18 9 15 3 6 8 7 20 24 4 25 21 1 13 14 5 12 11 22],(24)
230,[16 10 17 19 2 23 18 9 15 3 7 8 6 20 24 4 25 21 1 13 14 5 12 11 22],(26)
231,[16 10 18 19 2 23 17 9 15 3 7 8 6 20 24 4 25 21 1 13 14 5 12 11 22],(26)
232,[16 10 18 19 2 23 17 8 15 3 7 9 6 20 24 4 25 21 1 13 14 5 12 11 22],(26)
233,[16 10 18 19 2 23 17 8 15 3 7 9 6 20 24 5 25 21 1 13 14 4 12 11 22],(24)
234,[16 10 18 19 2 23 17 8 15 3 7 9 6 20 22 5 25 21 1 13 14 4 12 11 24],(16)
235,[16 10 18 19 2 23 17 8 15 3 6 9 7 20 22 5 25 21 1 13 14 4 12 11 24],(14)
236,[16 9 18 19 2 23 17 8 15 3 6 10 7 20 22 5 25 21 1 13 14 4 12 11 24],(16)
237,[16 9 18 19 2 23 17 8 15 3 6 10 7 20 22 4 25 21 1 13 14 5 12 11 24],(18)
238,[16 9 18 19 2 23 17 8 15 3 6 10 7 20 22 4 25 21 1 14 13 5 12 11 24],(18)
239,[18 9 17 19 2 23 16 8 15 3 6 10 7 20 22 4 25 21 1 14 13 5 12 11 24],(16)
240,[17 9 18 19 2 23 16 8 15 3 6 10 7 20 22 4 25 21 1 14 13 5 12 11 24],(14)
241,[17 9 18 20 2 23 16 8 15 3 6 10 7 19 22 4 25 21 1 14 13 5 12 11 24],(18)
242,[17 9 18 20 2 23 16 7 15 3 6 10 8 19 22 4 25 21 1 14 13 5 12 11 24],(18)
243,[17 9 18 20 2 23 15 7 16 3 6 10 8 19 22 4 25 21 1 14 13 5 12 11 24],(18)
244,[17 9 18 20 2 23 15 7 16 3 6 10 8 19 22 4 25 21 1 14 13 5 11 12 24],(16)
245,[17 9 18 20 2 23 15 7 16 3 6 10 8 19 22 4 25 21 1 14 13 5 12 11 24],(18)
246,[17 9 18 19 2 23 15 7 16 3 6 10 8 20 22 4 25 21 1 14 13 5 12 11 24],(18)
247,[17 9 18 19 2 23 15 7 16 3 6 10 8 21 22 4 25 20 1 14 13 5 12 11 24],(18)
248,[17 9 18 19 2 23 15 7 16 3 6 10 8 20 22 4 25 21 1 14 13 5 12 11 24],(18)
249,[17 9 18 19 2 23 16 7 15 3 6 10 8 20 22 4 25 21 1 14 13 5 12 11 24],(18)
250,[17 9 18 19 2 23 14 7 15 3 6 10 8 20 22 4 25 21 1 16 13 5 12 11 24],(24)
251,[17 11 18 19 2 23 14 7 15 3 6 10 8 20 22 4 25 21 1 16 13 5 12 9 24],(30)
252,[17 11 18 19 2 23 14 7 16 3 6 10 8 20 22 4 25 21 1 15 13 5 12 9 24],(24)
253,[17 11 18 19 2 23 14 7 16 3 6 10 8 20 22 4 24 21 1 15 13 5 12 9 25],(24)
254,[17 11 18 20 2 23 14 7 16 3 6 10 8 19 22 4 24 21 1 15 13 5 12 9 25],(22)
255,[17 9 18 20 2 23 14 7 16 3 6 10 8 19 22 4 24 21 1 15 13 5 12 11 25],(24)
256,[17 9 18 20 2 23 14 7 16 3 6 10 8 19 22 4 25 21 1 15 13 5 12 11 24],(22)
257,[17 11 18 20 2 23 14 7 16 3 6 10 8 19 22 4 25 21 1 15 13 5 12 9 24],(22)
258,[17 11 18 20 2 23 14 7 16 3 6 10 8 19 22 4 24 21 1 15 13 5 12 9 25],(22)
259,[16 11 18 20 2 23 14 7 17 3 6 10 8 19 22 4 24 21 1 15 13 5 12 9 25],(24)
260,[16 11 18 20 2 23 14 7 17 3 6 10 8 19 22 4 25 21 1 15 13 5 12 9 24],(24)
261,[16 11 18 20 2 23 14 7 17 3 6 10 8 19 21 4 25 22 1 15 13 5 12 9 24],(24)
262,[16 11 18 20 2 23 14 7 17 3 6 10 8 19 21 4 24 22 1 15 13 5 12 9 25],(24)
263,[16 11 18 20 2 23 14 7 17 3 6 10 9 19 21 4 24 22 1 15 13 5 12 8 25],(22)
264,[16 11 18 20 2 23 14 6 17 3 7 10 9 19 21 4 24 22 1 15 13 5 12 8 25],(22)
265,[16 11 18 20 2 23 15 6 17 3 7 10 9 19 21 4 24 22 1 14 13 5 12 8 25],(20)
266,[16 11 18 20 2 23 15 6 17 3 7 10 8 19 21 4 24 22 1 14 13 5 12 9 25],(18)
267,[16 11 18 20 2 24 15 6 17 3 7 10 8 19 21 4 23 22 1 14 13 5 12 9 25],(20)
268,[16 11 18 20 1 24 15 6 17 3 7 10 8 19 21 4 23 22 2 14 13 5 12 9 25],(22)
269,[16 11 18 20 1 24 17 6 15 3 7 10 8 19 21 4 23 22 2 14 13 5 12 9 25],(24)
270,[16 11 18 20 1 24 17 6 15 3 7 10 8 19 21 4 23 22 2 13 14 5 12 9 25],(24)
271,[14 11 18 20 1 24 17 6 15 3 7 10 8 19 21 4 23 22 2 13 16 5 12 9 25],(22)
272,[14 11 18 20 2 24 17 6 15 3 7 10 8 19 21 4 23 22 1 13 16 5 12 9 25],(20)
273,[14 11 18 20 2 24 17 6 15 3 7 10 8 19 21 4 22 23 1 13 16 5 12 9 25],(22)
274,[14 11 18 20 2 22 17 6 15 3 7 10 8 19 21 4 24 23 1 13 16 5 12 9 25],(20)
275,[14 11 18 20 2 21 17 6 15 3 7 10 8 19 22 4 24 23 1 13 16 5 12 9 25],(20)
276,[14 11 18 20 2 21 17 6 15 3 7 9 8 19 22 4 24 23 1 13 16 5 12 10 25],(18)
277,[14 11 18 20 2 21 17 6 15 3 7 9 8 19 22 5 24 23 1 13 16 4 12 10 25],(16)
278,[14 11 18 20 2 21 17 6 15 3 7 10 8 19 22 5 24 23 1 13 16 4 12 9 25],(20)
279,[14 11 18 20 2 21 17 6 16 3 7 10 8 19 22 5 24 23 1 13 15 4 12 9 25],(18)
280,[14 11 17 20 2 21 18 6 16 3 7 10 8 19 22 5 24 23 1 13 15 4 12 9 25],(20)
281,[14 11 17 20 2 21 18 6 16 3 7 10 8 19 22 5 23 24 1 13 15 4 12 9 25],(20)
282,[14 11 17 20 2 21 18 6 15 3 7 10 8 19 22 5 23 24 1 13 16 4 12 9 25],(22)
283,[14 11 17 20 2 21 18 6 15 3 8 10 7 19 22 5 23 24 1 13 16 4 12 9 25],(20)
284,[14 11 17 20 2 21 18 6 15 3 8 9 7 19 22 5 23 24 1 13 16 4 12 10 25],(18)
285,[14 12 17 20 2 21 18 6 15 3 8 9 7 19 22 5 23 24 1 13 16 4 11 10 25],(16)
286,[14 12 17 20 2 22 18 6 15 3 8 9 7 19 21 5 23 24 1 13 16 4 11 10 25],(18)
287,[14 12 17 20 2 21 18 6 15 3 8 9 7 19 22 5 23 24 1 13 16 4 11 10 25],(16)
288,[14 12 17 20 2 21 18 6 15 3 8 10 7 19 22 5 23 24 1 13 16 4 11 9 25],(18)
289,[14 12 17 20 2 21 16 6 15 3 8 10 7 19 22 5 23 24 1 13 18 4 11 9 25],(24)
290,[14 12 17 20 2 21 16 6 18 3 8 10 7 19 22 5 23 24 1 13 15 4 11 9 25],(18)
291,[14 12 18 20 2 21 16 6 17 3 8 10 7 19 22 5 23 24 1 13 15 4 11 9 25],(20)
292,[14 12 18 20 2 21 16 7 17 3 8 10 6 19 22 5 23 24 1 13 15 4 11 9 25],(22)
293,[14 12 18 20 2 21 16 6 17 3 8 10 7 19 22 5 23 24 1 13 15 4 11 9 25],(20)
294,[14 12 18 20 2 21 17 6 16 3 8 10 7 19 22 5 23 24 1 13 15 4 11 9 25],(18)
295,[14 12 18 20 2 21 17 6 16 3 10 8 7 19 22 5 23 24 1 13 15 4 11 9 25],(20)
296,[14 12 17 20 2 21 18 6 16 3 10 8 7 19 22 5 23 24 1 13 15 4 11 9 25],(16)
297,[14 12 17 20 3 21 18 6 16 2 10 8 7 19 22 5 23 24 1 13 15 4 11 9 25],(16)
298,[14 12 17 19 3 21 18 6 16 2 10 8 7 20 22 5 23 24 1 13 15 4 11 9 25],(16)
299,[14 12 17 19 3 21 18 6 16 2 8 10 7 20 22 5 23 24 1 13 15 4 11 9 25],(20)
300,[14 12 17 19 3 21 18 6 16 2 8 9 7 20 22 5 23 24 1 13 15 4 11 10 25],(20)
301,[14 12 17 19 3 21 18 6 16 2 8 10 7 20 22 5 23 24 1 13 15 4 11 9 25],(20)
302,[14 11 17 19 3 21 18 6 16 2 8 10 7 20 22 5 23 24 1 13 15 4 12 9 25],(18)
303,[14 11 17 19 3 21 18 5 16 2 8 10 7 20 22 6 23 24 1 13 15 4 12 9 25],(18)
304,[14 11 17 19 3 22 18 5 16 2 8 10 7 20 21 6 23 24 1 13 15 4 12 9 25],(18)
305,[14 11 17 19 2 22 18 5 16 3 8 10 7 20 21 6 23 24 1 13 15 4 12 9 25],(16)
306,[14 11 17 19 2 22 18 5 16 4 8 10 7 20 21 6 23 24 1 13 15 3 12 9 25],(16)
307,[14 11 17 19 2 22 18 5 16 3 8 10 7 20 21 6 23 24 1 13 15 4 12 9 25],(16)
308,[14 11 18 19 2 22 17 5 16 3 8 10 7 20 21 6 23 24 1 13 15 4 12 9 25],(16)
309,[14 11 18 19 2 22 17 6 16 3 8 10 7 20 21 5 23 24 1 13 15 4 12 9 25],(16)
310,[14 11 18 19 2 22 17 6 16 3 8 10 7 20 21 5 24 23 1 13 15 4 12 9 25],(16)
311,[14 11 17 19 2 22 18 6 16 3 8 10 7 20 21 5 24 23 1 13 15 4 12 9 25],(16)
312,[14 11 17 19 3 22 18 6 16 2 8 10 7 20 21 5 24 23 1 13 15 4 12 9 25],(16)
313,[14 11 17 19 3 22 18 6 16 2 8 10 7 20 21 5 23 24 1 13 15 4 12 9 25],(18)
314,[14 11 17 19 2 22 18 6 16 3 8 10 7 20 21 5 23 24 1 13 15 4 12 9 25],(16)
315,[14 11 17 19 2 22 18 5 16 3 8 10 7 20 21 6 23 24 1 13 15 4 12 9 25],(16)
316,[14 11 17 19 2 21 18 5 16 3 8 10 7 20 22 6 23 24 1 13 15 4 12 9 25],(16)
317,[14 11 17 19 2 21 18 5 16 3 8 9 7 20 22 6 23 24 1 13 15 4 12 10 25],(18)
318,[14 11 17 19 2 21 18 5 16 3 9 8 7 20 22 6 23 24 1 13 15 4 12 10 25],(20)
319,[14 11 17 19 2 21 18 7 16 3 9 8 5 20 22 6 23 24 1 13 15 4 12 10 25],(20)
320,[14 11 17 19 2 21 18 7 16 3 9 10 5 20 22 6 23 24 1 13 15 4 12 8 25],(20)
321,[14 11 17 19 3 21 18 7 16 2 9 10 5 20 22 6 23 24 1 13 15 4 12 8 25],(20)
322,[14 11 16 19 3 21 18 7 17 2 9 10 5 20 22 6 23 24 1 13 15 4 12 8 25],(20)
323,[15 11 16 19 3 21 18 7 17 2 9 10 5 20 22 6 23 24 1 13 14 4 12 8 25],(18)
324,[15 11 16 19 3 21 18 7 17 2 9 10 5 20 22 4 23 24 1 13 14 6 12 8 25],(18)
325,[15 11 16 19 3 22 18 7 17 2 9 10 5 20 21 4 23 24 1 13 14 6 12 8 25],(20)
326,[15 11 17 19 3 22 16 7 18 2 9 10 5 20 21 4 23 24 1 13 14 6 12 8 25],(18)
327,[17 11 15 19 3 22 16 7 18 2 9 10 5 20 21 4 23 24 1 13 14 6 12 8 25],(22)
328,[16 11 15 19 3 22 17 7 18 2 9 10 5 20 21 4 23 24 1 13 14 6 12 8 25],(22)
329,[16 11 18 19 3 22 17 7 15 2 9 10 5 20 21 4 23 24 1 13 14 6 12 8 25],(24)
330,[16 11 17 19 3 22 18 7 15 2 9 10 5 20 21 4 23 24 1 13 14 6 12 8 25],(22)
331,[16 11 17 19 3 22 18 7 15 2 9 8 5 20 21 4 23 24 1 13 14 6 12 10 25],(26)
332,[16 11 17 19 3 21 18 7 15 2 9 8 5 20 22 4 23 24 1 13 14 6 12 10 25],(24)
333,[16 11 17 19 3 21 18 7 15 2 10 8 5 20 22 4 23 24 1 13 14 6 12 9 25],(22)
334,[16 11 15 19 3 21 18 7 17 2 10 8 5 20 22 4 23 24 1 13 14 6 12 9 25],(18)
335,[16 11 15 19 3 21 18 7 17 2 10 8 5 20 22 4 23 25 1 13 14 6 12 9 24],(22)
336,[16 11 15 19 3 21 18 7 17 2 10 8 5 20 23 4 22 25 1 13 14 6 12 9 24],(20)
337,[16 11 15 20 3 21 18 7 17 2 10 8 5 19 23 4 22 25 1 13 14 6 12 9 24],(18)
338,[15 11 16 20 3 21 18 7 17 2 10 8 5 19 23 4 22 25 1 13 14 6 12 9 24],(20)
339,[15 11 16 20 3 21 18 7 17 2 10 8 6 19 23 4 22 25 1 13 14 5 12 9 24],(20)
340,[14 11 16 20 3 21 18 7 17 2 10 8 6 19 23 4 22 25 1 13 15 5 12 9 24],(18)
341,[14 11 16 20 3 21 18 7 17 2 10 8 6 19 23 4 22 24 1 13 15 5 12 9 25],(18)
342,[14 11 16 20 3 21 18 7 17 2 9 8 6 19 23 4 22 24 1 13 15 5 12 10 25],(20)
343,[14 11 16 20 3 21 18 7 17 2 9 8 6 19 22 4 23 24 1 13 15 5 12 10 25],(18)
344,[14 11 16 20 3 21 18 7 17 2 10 8 6 19 22 4 23 24 1 13 15 5 12 9 25],(14)
345,[14 11 16 20 3 21 18 6 17 2 10 8 7 19 22 4 23 24 1 13 15 5 12 9 25],(16)
346,[14 11 16 19 3 21 18 6 17 2 10 8 7 20 22 4 23 24 1 13 15 5 12 9 25],(16)
347,[15 11 16 19 3 21 18 6 17 2 10 8 7 20 22 4 23 24 1 13 14 5 12 9 25],(18)
348,[15 11 16 19 3 21 18 7 17 2 10 8 6 20 22 4 23 24 1 13 14 5 12 9 25],(14)
349,[15 11 16 20 3 21 18 7 17 2 10 8 6 19 22 4 23 24 1 13 14 5 12 9 25],(12)
350,[15 11 16 19 3 21 18 7 17 2 10 8 6 20 22 4 23 24 1 13 14 5 12 9 25],(14)
351,[15 11 16 19 3 21 18 7 17 2 10 8 6 20 23 4 22 24 1 13 14 5 12 9 25],(18)
352,[15 11 16 19 3 21 18 7 17 2 10 8 6 20 23 5 22 24 1 13 14 4 12 9 25],(16)
353,[15 11 16 19 3 21 18 7 17 2 10 8 6 20 22 5 23 24 1 13 14 4 12 9 25],(14)
354,[15 11 16 19 3 21 18 7 17 2 10 8 6 20 22 4 23 24 1 13 14 5 12 9 25],(14)
355,[14 11 16 19 3 21 18 7 17 2 10 8 6 20 22 4 23 24 1 13 15 5 12 9 25],(16)
356,[14 11 16 19 3 21 18 7 17 2 9 8 6 20 22 4 23 24 1 13 15 5 12 10 25],(18)
357,[14 11 16 19 3 21 17 7 18 2 9 8 6 20 22 4 23 24 1 13 15 5 12 10 25],(18)
358,[14 11 16 19 3 21 17 7 18 2 9 8 6 20 22 4 24 23 1 13 15 5 12 10 25],(20)
359,[16 11 14 19 3 21 17 7 18 2 9 8 6 20 22 4 24 23 1 13 15 5 12 10 25],(22)
360,[16 10 14 19 3 21 17 7 18 2 9 8 6 20 22 4 24 23 1 13 15 5 12 11 25],(24)
361,[16 10 14 19 3 21 17 8 18 2 9 7 6 20 22 4 24 23 1 13 15 5 12 11 25],(26)
362,[16 10 15 19 3 21 17 8 18 2 9 7 6 20 22 4 24 23 1 13 14 5 12 11 25],(20)
363,[16 10 15 19 3 21 17 8 18 2 11 7 6 20 22 4 24 23 1 13 14 5 12 9 25],(20)
364,[16 12 15 19 3 21 17 8 18 2 11 7 6 20 22 4 24 23 1 13 14 5 10 9 25],(20)
365,[16 12 15 20 3 21 17 8 19 2 11 7 6 18 22 4 24 23 1 13 14 5 10 9 25],(20)
366,[16 12 15 20 3 21 17 8 19 2 11 7 6 18 22 4 24 23 1 13 14 5 9 10 25],(20)
367,[16 12 15 20 3 21 17 8 19 2 11 7 6 18 22 4 23 24 1 13 14 5 9 10 25],(16)
368,[16 12 15 20 3 21 17 8 19 2 9 7 6 18 22 4 23 24 1 13 14 5 11 10 25],(16)
369,[16 12 15 20 3 21 17 8 19 2 9 7 6 18 22 5 23 24 1 13 14 4 11 10 25],(18)
370,[16 12 15 20 3 21 17 8 19 2 9 7 6 18 22 5 23 24 1 13 14 4 10 11 25],(20)
371,[16 12 17 20 3 21 15 8 19 2 9 7 6 18 22 5 23 24 1 13 14 4 10 11 25],(24)
372,[16 12 17 20 3 21 19 8 15 2 9 7 6 18 22 5 23 24 1 13 14 4 10 11 25],(24)
373,[16 12 17 20 3 21 19 8 15 2 9 7 6 18 23 5 22 24 1 13 14 4 10 11 25],(26)
374,[14 12 17 20 3 21 19 8 15 2 9 7 6 18 23 5 22 24 1 13 16 4 10 11 25],(24)
375,[14 12 17 20 3 21 19 8 15 2 9 7 6 18 23 5 22 24 1 13 16 4 11 10 25],(24)
376,[14 12 17 20 3 21 19 6 15 2 9 7 8 18 23 5 22 24 1 13 16 4 11 10 25],(24)
377,[14 12 17 20 2 21 19 6 15 3 9 7 8 18 23 5 22 24 1 13 16 4 11 10 25],(22)
378,[14 12 17 20 2 21 19 6 15 3 9 8 7 18 23 5 22 24 1 13 16 4 11 10 25],(18)
379,[14 12 17 20 2 21 19 6 15 3 9 8 7 18 23 5 22 25 1 13 16 4 11 10 24],(18)
380,[14 12 17 20 2 21 19 5 15 3 9 8 7 18 23 6 22 25 1 13 16 4 11 10 24],(20)
381,[14 12 17 20 2 21 19 5 15 3 9 8 7 18 23 4 22 25 1 13 16 6 11 10 24],(24)
382,[14 12 17 20 2 21 19 6 15 3 9 8 7 18 23 5 22 25 1 13 16 4 11 10 24],(18)
383,[14 12 17 21 2 20 19 6 15 3 9 8 7 18 23 5 22 25 1 13 16 4 11 10 24],(18)
384,[14 12 16 21 2 20 19 6 15 3 9 8 7 18 23 5 22 25 1 13 17 4 11 10 24],(16)
385,[14 12 16 21 2 20 19 6 15 3 9 8 7 18 22 5 23 25 1 13 17 4 11 10 24],(20)
386,[14 12 16 21 2 20 19 6 15 4 9 8 7 18 22 5 23 25 1 13 17 3 11 10 24],(18)
387,[14 12 16 21 2 20 19 6 15 4 9 8 7 17 22 5 23 25 1 13 18 3 11 10 24],(22)
388,[14 12 16 21 2 20 19 6 18 4 9 8 7 17 22 5 23 25 1 13 15 3 11 10 24],(24)
389,[16 12 14 21 2 20 19 6 18 4 9 8 7 17 22 5 23 25 1 13 15 3 11 10 24],(24)
390,[14 12 16 21 2 20 19 6 18 4 9 8 7 17 22 5 23 25 1 13 15 3 11 10 24],(24)
391,[14 12 16 21 2 20 19 6 15 4 9 8 7 17 22 5 23 25 1 13 18 3 11 10 24],(22)
392,[14 12 16 21 2 19 20 6 15 4 9 8 7 17 22 5 23 25 1 13 18 3 11 10 24],(24)
393,[14 12 16 21 2 19 20 5 15 4 9 8 7 17 22 6 23 25 1 13 18 3 11 10 24],(26)
394,[14 12 16 21 2 19 20 5 15 3 9 8 7 17 22 6 23 25 1 13 18 4 11 10 24],(28)
395,[14 13 16 21 2 19 20 5 15 3 9 8 7 17 22 6 23 25 1 12 18 4 11 10 24],(30)
396,[14 13 16 21 2 20 19 5 15 3 9 8 7 17 22 6 23 25 1 12 18 4 11 10 24],(28)
397,[14 13 16 21 2 20 19 5 15 3 9 8 7 18 22 6 23 25 1 12 17 4 11 10 24],(24)
398,[14 12 16 21 2 20 19 5 15 3 9 8 7 18 22 6 23 25 1 13 17 4 11 10 24],(22)
399,[14 12 16 21 2 20 18 5 15 3 9 8 7 19 22 6 23 25 1 13 17 4 11 10 24],(22)
400,[14 12 16 21 2 20 18 6 15 3 9 8 7 19 22 5 23 25 1 13 17 4 11 10 24],(20)
401,[14 12 16 21 2 20 18 6 15 3 7 9 8 19 22 5 23 25 1 13 17 4 11 10 24],(20)
402,[14 12 16 21 2 20 18 6 15 3 10 7 8 19 22 5 23 25 1 13 17 4 9 11 24],(24)
403,[14 12 16 21 2 20 19 6 15 3 10 7 8 18 22 5 23 25 1 13 17 4 9 11 24],(22)
404,[14 12 16 21 2 20 19 6 15 3 10 8 7 18 22 5 23 25 1 13 17 4 9 11 24],(24)
405,[14 12 16 21 2 20 19 6 15 3 9 8 7 18 22 5 23 25 1 13 17 4 10 11 24],(22)
406,[14 12 16 20 2 21 19 6 15 3 9 8 7 18 22 5 23 25 1 13 17 4 10 11 24],(24)
407,[14 12 16 20 2 21 17 6 15 3 9 8 7 19 22 5 23 25 1 13 18 4 10 11 24],(28)
408,[14 12 16 20 2 21 17 6 18 3 9 8 7 19 22 5 23 25 1 13 15 4 10 11 24],(20)
409,[14 12 16 20 2 21 17 6 18 3 8 9 7 19 22 5 23 25 1 13 15 4 10 11 24],(20)
410,[14 12 16 20 1 21 17 6 18 3 8 9 7 19 22 5 23 25 2 13 15 4 10 11 24],(24)
411,[14 12 15 20 1 21 17 6 18 3 8 9 7 19 22 5 23 25 2 13 16 4 10 11 24],(26)
412,[14 12 15 20 1 22 17 6 18 3 8 9 7 19 21 5 23 25 2 13 16 4 10 11 24],(30)
413,[14 12 15 20 1 22 17 6 18 3 8 9 7 19 21 5 23 25 2 13 16 4 11 10 24],(28)
414,[14 12 16 20 1 22 17 6 18 3 8 9 7 19 21 5 23 25 2 13 15 4 11 10 24],(26)
415,[14 12 16 20 1 21 17 6 18 3 8 9 7 19 22 5 23 25 2 13 15 4 11 10 24],(22)
416,[14 12 16 20 1 21 17 6 18 3 9 8 7 19 22 5 23 25 2 13 15 4 11 10 24],(22)
417,[14 12 16 21 1 20 17 6 18 3 9 8 7 19 22 5 23 25 2 13 15 4 11 10 24],(24)
418,[14 12 16 21 1 20 17 6 18 3 9 8 7 19 22 5 23 24 2 13 15 4 11 10 25],(22)
419,[14 12 16 20 1 21 17 6 18 3 9 8 7 19 22 5 23 24 2 13 15 4 11 10 25],(20)
420,[14 12 16 20 1 21 17 6 18 3 9 8 7 19 23 5 22 24 2 13 15 4 11 10 25],(22)
421,[14 12 16 20 1 21 17 6 18 3 8 9 7 19 23 5 22 24 2 13 15 4 11 10 25],(22)
422,[14 12 16 20 1 21 17 6 19 3 8 9 7 18 23 5 22 24 2 13 15 4 11 10 25],(24)
423,[14 12 16 20 1 21 17 6 19 4 8 9 7 18 23 5 22 24 2 13 15 3 11 10 25],(26)
424,[14 12 16 20 1 21 17 6 18 4 8 9 7 19 23 5 22 24 2 13 15 3 11 10 25],(24)
425,[14 13 16 20 1 21 17 6 18 4 8 9 7 19 23 5 22 24 2 12 15 3 11 10 25],(22)
426,[14 13 16 20 1 21 17 6 18 4 8 9 7 19 23 5 22 25 2 12 15 3 11 10 24],(26)
427,[14 13 16 20 1 21 17 6 18 4 8 9 7 19 23 5 22 25 2 12 15 3 10 11 24],(28)
428,[14 13 16 20 1 21 18 6 17 4 8 9 7 19 23 5 22 25 2 12 15 3 10 11 24],(26)
429,[14 13 16 20 1 21 18 6 17 4 10 9 7 19 23 5 22 25 2 12 15 3 8 11 24],(30)
430,[14 13 17 20 1 21 18 6 16 4 10 9 7 19 23 5 22 25 2 12 15 3 8 11 24],(28)
431,[14 13 17 20 2 21 18 6 16 4 10 9 7 19 23 5 22 25 1 12 15 3 8 11 24],(26)
432,[14 13 17 20 2 21 18 6 16 4 10 7 9 19 23 5 22 25 1 12 15 3 8 11 24],(24)
433,[14 13 17 20 2 21 18 6 16 4 10 9 7 19 23 5 22 25 1 12 15 3 8 11 24],(26)
434,[14 13 17 20 2 21 18 6 16 4 10 9 7 15 23 5 22 25 1 12 19 3 8 11 24],(26)
435,[14 13 17 20 2 21 18 6 16 4 10 9 7 19 23 5 22 25 1 12 15 3 8 11 24],(26)
436,[14 13 17 20 2 21 18 6 16 4 10 8 7 19 23 5 22 25 1 12 15 3 9 11 24],(24)
437,[14 13 17 20 2 21 18 6 16 4 10 8 7 19 23 5 22 25 1 12 15 3 11 9 24],(22)
438,[14 13 17 20 2 21 18 6 16 4 10 9 7 19 23 5 22 25 1 12 15 3 11 8 24],(22)
439,[14 13 17 20 2 21 18 6 16 4 10 8 7 19 23 5 22 25 1 12 15 3 11 9 24],(22)
440,[14 13 17 20 2 21 18 6 16 4 10 9 7 19 23 5 22 25 1 12 15 3 11 8 24],(22)
441,[14 13 17 20 2 21 16 6 18 4 10 9 7 19 23 5 22 25 1 12 15 3 11 8 24],(26)
442,[14 13 17 20 2 21 16 6 18 4 10 9 7 19 22 5 23 25 1 12 15 3 11 8 24],(24)
443,[14 13 17 20 2 21 16 6 18 4 8 9 7 19 22 5 23 25 1 12 15 3 11 10 24],(24)
444,[14 13 17 20 2 21 18 6 16 4 8 9 7 19 22 5 23 25 1 12 15 3 11 10 24],(22)
445,[14 13 17 20 2 21 18 6 16 4 8 9 7 19 22 5 23 24 1 12 15 3 11 10 25],(16)
446,[14 13 17 20 2 21 18 6 16 4 8 9 7 19 22 5 24 23 1 12 15 3 11 10 25],(18)
447,[14 13 17 20 2 21 16 6 18 4 8 9 7 19 22 5 24 23 1 12 15 3 11 10 25],(20)
448,[14 13 17 20 2 21 16 6 18 4 8 9 7 19 22 5 23 24 1 12 15 3 11 10 25],(18)
449,[14 13 17 20 2 21 16 6 18 3 8 9 7 19 22 5 23 24 1 12 15 4 11 10 25],(18)
450,[14 12 17 20 2 21 16 6 18 3 8 9 7 19 22 5 23 24 1 13 15 4 11 10 25],(16)
451,[14 12 17 20 2 21 16 6 18 3 7 9 8 19 22 5 23 24 1 13 15 4 11 10 25],(20)
452,[14 13 17 20 2 21 16 6 18 3 7 9 8 19 22 5 23 24 1 12 15 4 11 10 25],(22)
453,[14 13 17 20 2 21 16 6 18 3 7 9 8 19 22 5 23 24 1 12 15 4 10 11 25],(22)
454,[14 13 17 20 2 21 16 6 18 3 11 9 8 19 22 5 23 24 1 12 15 4 10 7 25],(24)
455,[14 13 17 19 2 21 16 6 18 3 11 9 8 20 22 5 23 24 1 12 15 4 10 7 25],(24)
456,[14 13 17 19 2 21 16 6 18 4 11 9 8 20 22 5 23 24 1 12 15 3 10 7 25],(24)
457,[14 13 17 19 2 21 16 6 18 4 10 9 8 20 22 5 23 24 1 12 15 3 11 7 25],(24)
458,[14 13 17 20 2 21 16 6 18 4 10 9 8 19 22 5 23 24 1 12 15 3 11 7 25],(24)
459,[14 13 16 20 2 21 17 6 18 4 10 9 8 19 22 5 23 24 1 12 15 3 11 7 25],(22)
460,[14 13 16 20 2 21 17 6 19 4 10 9 8 18 22 5 23 24 1 12 15 3 11 7 25],(24)
461,[14 13 16 20 2 22 17 6 19 4 10 9 8 18 21 5 23 24 1 12 15 3 11 7 25],(26)
462,[14 13 16 20 2 21 17 6 19 4 10 9 8 18 22 5 23 24 1 12 15 3 11 7 25],(24)
463,[14 13 16 20 2 21 17 8 19 4 10 9 6 18 22 5 23 24 1 12 15 3 11 7 25],(26)
464,[14 13 16 20 2 21 17 8 19 5 10 9 6 18 22 4 23 24 1 12 15 3 11 7 25],(30)
465,[14 13 16 20 2 21 17 8 19 4 10 9 6 18 22 5 23 24 1 12 15 3 11 7 25],(26)
466,[14 13 16 20 2 21 17 8 19 3 10 9 6 18 22 5 23 24 1 12 15 4 11 7 25],(26)
467,[14 13 16 20 2 21 17 7 19 3 10 8 6 18 22 5 23 24 1 12 15 4 11 9 25],(20)
468,[14 13 16 20 2 21 17 6 19 3 10 8 7 18 22 5 23 24 1 12 15 4 11 9 25],(20)
469,[14 13 16 20 2 21 17 6 19 3 11 8 7 18 22 5 23 24 1 12 15 4 10 9 25],(22)
470,[14 13 16 20 2 21 17 7 19 3 11 8 6 18 22 5 23 24 1 12 15 4 10 9 25],(20)
471,[14 13 16 20 2 22 17 7 19 3 11 8 6 18 21 5 23 24 1 12 15 4 10 9 25],(22)
472,[14 13 16 20 2 22 17 7 19 3 10 8 6 18 21 5 23 24 1 12 15 4 11 9 25],(22)
473,[14 13 16 20 2 22 17 6 19 3 10 8 7 18 21 5 23 24 1 12 15 4 11 9 25],(22)
474,[14 13 16 20 2 22 17 6 19 3 11 8 7 18 21 5 23 24 1 12 15 4 10 9 25],(22)
475,[14 13 16 20 2 22 17 6 18 3 11 8 7 19 21 5 23 24 1 12 15 4 10 9 25],(20)
476,[14 13 16 20 2 22 17 7 18 3 11 8 6 19 21 5 23 24 1 12 15 4 10 9 25],(22)
477,[14 13 16 20 2 22 17 7 18 3 11 8 6 19 21 4 23 24 1 12 15 5 10 9 25],(22)
478,[14 13 16 20 2 22 17 7 18 3 11 8 6 19 21 5 23 24 1 12 15 4 10 9 25],(22)
479,[14 13 16 20 2 22 17 7 18 3 11 8 6 19 21 4 23 24 1 12 15 5 10 9 25],(22)
480,[14 13 16 20 2 22 17 7 18 3 11 8 6 19 21 5 23 24 1 12 15 4 10 9 25],(22)
481,[14 13 17 20 2 22 16 7 18 3 11 8 6 19 21 5 23 24 1 12 15 4 10 9 25],(22)
482,[14 13 17 20 2 22 18 7 16 3 11 8 6 19 21 5 23 24 1 12 15 4 10 9 25],(24)
483,[14 13 16 20 2 22 18 7 17 3 11 8 6 19 21 5 23 24 1 12 15 4 10 9 25],(24)
484,[14 13 16 20 2 22 18 7 17 3 10 8 6 19 21 5 23 24 1 12 15 4 11 9 25],(22)
485,[14 13 19 18 2 22 16 7 17 3 10 8 6 20 21 5 23 24 1 12 15 4 11 9 25],(22)
486,[14 13 18 19 2 22 16 7 17 3 10 8 6 20 21 5 23 24 1 12 15 4 11 9 25],(20)
487,[14 13 18 19 2 21 16 7 17 3 10 8 6 20 22 5 23 24 1 12 15 4 11 9 25],(22)
488,[14 13 18 19 2 21 16 7 17 3 10 8 5 20 22 6 23 24 1 12 15 4 11 9 25],(24)
489,[14 13 18 19 2 21 16 7 17 4 10 8 5 20 22 6 23 24 1 12 15 3 11 9 25],(24)
490,[14 13 18 19 2 21 17 7 16 4 10 8 5 20 22 6 23 24 1 12 15 3 11 9 25],(22)
491,[14 13 18 19 2 21 17 7 16 4 9 8 5 20 22 6 23 24 1 12 15 3 11 10 25],(20)
492,[14 13 18 19 2 21 17 7 16 3 9 8 5 20 22 6 23 24 1 12 15 4 11 10 25],(20)
493,[15 13 18 19 2 21 17 7 16 3 9 8 5 20 22 6 23 24 1 12 14 4 11 10 25],(22)
494,[15 13 18 19 3 21 17 7 16 2 9 8 5 20 22 6 23 24 1 12 14 4 11 10 25],(24)
495,[15 13 17 19 3 21 18 7 16 2 9 8 5 20 22 6 23 24 1 12 14 4 11 10 25],(22)
496,[15 13 17 19 3 21 18 7 16 2 9 8 5 20 22 6 23 24 1 11 14 4 12 10 25],(18)
497,[15 13 17 19 3 20 18 7 16 2 9 8 5 21 22 6 23 24 1 11 14 4 12 10 25],(20)
498,[16 13 17 19 3 20 18 7 15 2 9 8 5 21 22 6 23 24 1 11 14 4 12 10 25],(22)
499,[16 12 17 19 3 20 18 7 15 2 9 8 5 21 22 6 23 24 1 11 14 4 13 10 25],(22)
500,[16 12 15 19 3 20 18 7 17 2 9 8 5 21 22 6 23 24 1 11 14 4 13 10 25],(20)
501,[16 12 15 19 4 20 18 7 17 2 9 8 5 21 22 6 23 24 1 11 14 3 13 10 25],(20)
502,[16 12 15 19 4 20 17 7 18 2 9 8 5 21 22 6 23 24 1 11 14 3 13 10 25],(22)
503,[16 11 15 19 4 20 17 7 18 2 9 8 5 21 22 6 23 24 1 12 14 3 13 10 25],(20)
504,[16 11 15 19 4 21 17 7 18 2 9 8 5 20 22 6 23 24 1 12 14 3 13 10 25],(22)
505,[15 11 16 19 4 21 17 7 18 2 9 8 5 20 22 6 23 24 1 12 14 3 13 10 25],(20)
506,[15 11 16 19 4 20 17 7 18 2 9 8 5 21 22 6 23 24 1 12 14 3 13 10 25],(18)
507,[15 11 16 19 4 20 17 7 18 2 8 9 5 21 22 6 23 24 1 12 14 3 13 10 25],(20)
508,[15 11 16 17 4 20 19 7 18 2 8 9 5 21 22 6 23 24 1 12 14 3 13 10 25],(16)
509,[14 11 16 17 4 20 19 7 18 2 8 9 5 21 22 6 23 24 1 12 15 3 13 10 25],(20)
510,[17 11 16 15 4 20 19 7 18 2 8 9 5 21 22 6 23 24 1 12 14 3 13 10 25],(20)
511,[15 11 16 20 4 17 19 7 18 2 8 9 5 21 22 6 23 24 1 12 14 3 13 10 25],(20)
512,[15 11 16 17 4 20 19 7 18 2 8 9 5 21 22 6 23 24 1 12 14 3 13 10 25],(16)
513,[15 11 16 18 4 20 19 7 17 2 8 9 5 21 22 6 23 24 1 12 14 3 13 10 25],(14)
514,[15 11 16 18 4 20 19 6 17 2 8 9 5 21 22 7 23 24 1 12 14 3 13 10 25],(16)
515,[15 11 17 18 4 20 19 6 16 2 8 9 5 21 22 7 23 24 1 12 14 3 13 10 25],(16)
516,[15 11 17 18 4 20 19 6 16 2 8 9 5 22 21 7 23 24 1 12 14 3 13 10 25],(18)
517,[15 11 16 18 4 20 19 6 17 2 8 9 5 22 21 7 23 24 1 12 14 3 13 10 25],(18)
518,[15 11 16 17 4 20 19 6 18 2 8 9 5 22 21 7 23 24 1 12 14 3 13 10 25],(18)
519,[15 11 16 17 4 20 19 6 18 2 10 9 5 22 21 7 23 24 1 12 14 3 13 8 25],(16)
520,[15 11 16 17 5 20 19 6 18 2 10 9 4 22 21 7 23 24 1 12 14 3 13 8 25],(16)
521,[15 11 17 16 5 20 19 6 18 2 10 9 4 22 21 7 23 24 1 12 14 3 13 8 25],(18)
522,[15 11 17 16 5 20 19 6 18 2 10 9 4 22 21 7 24 23 1 12 14 3 13 8 25],(16)
523,[15 11 17 16 5 20 19 6 18 3 10 9 4 22 21 7 24 23 1 12 14 2 13 8 25],(18)
524,[15 12 17 16 5 20 19 6 18 3 10 9 4 22 21 7 24 23 1 11 14 2 13 8 25],(16)
525,[15 12 17 16 5 20 19 6 18 3 9 10 4 22 21 7 24 23 1 11 14 2 13 8 25],(16)
526,[15 11 17 16 5 20 19 6 18 3 9 10 4 22 21 7 24 23 1 12 14 2 13 8 25],(16)
527,[15 11 17 16 4 20 19 6 18 3 9 10 5 22 21 7 24 23 1 12 14 2 13 8 25],(14)
528,[15 10 17 16 4 20 19 6 18 3 9 11 5 22 21 7 24 23 1 12 14 2 13 8 25],(16)
529,[15 10 17 16 4 20 19 6 18 3 9 11 5 23 21 7 24 22 1 12 14 2 13 8 25],(16)
530,[15 10 18 16 4 20 19 6 17 3 9 11 5 23 21 7 24 22 1 12 14 2 13 8 25],(14)
531,[15 10 18 16 4 20 19 6 17 3 8 11 5 23 21 7 24 22 1 12 14 2 13 9 25],(16)
532,[15 10 18 16 4 20 19 6 17 3 8 11 5 22 21 7 24 23 1 12 14 2 13 9 25],(16)
533,[15 10 18 16 5 20 19 6 17 3 8 11 4 22 21 7 24 23 1 12 14 2 13 9 25],(18)
534,[15 8 18 16 5 20 19 6 17 3 10 11 4 22 21 7 24 23 1 12 14 2 13 9 25],(28)
535,[15 12 18 16 5 20 19 6 17 3 10 11 4 22 21 7 24 23 1 8 14 2 13 9 25],(28)
536,[15 12 18 16 5 20 19 6 17 3 10 11 4 22 21 7 24 23 1 9 14 2 13 8 25],(26)
537,[15 12 18 16 5 20 19 6 17 3 10 11 4 22 21 7 24 23 2 9 14 1 13 8 25],(26)
538,[15 12 18 16 5 20 19 6 17 3 10 9 4 22 21 7 24 23 2 11 14 1 13 8 25],(20)
539,[15 12 18 16 5 20 19 6 17 3 10 9 4 22 21 7 24 23 1 11 14 2 13 8 25],(18)
540,[15 12 18 16 5 20 19 6 17 3 9 10 4 22 21 7 24 23 1 11 14 2 13 8 25],(16)
541,[15 12 18 16 5 20 19 6 17 3 9 8 4 22 21 7 24 23 1 11 14 2 13 10 25],(16)
542,[15 12 18 16 5 19 20 6 17 3 9 8 4 22 21 7 24 23 1 11 14 2 13 10 25],(16)
543,[15 12 18 16 5 19 20 6 17 3 9 8 4 22 21 7 24 23 1 10 14 2 13 11 25],(18)
544,[15 12 18 16 4 19 20 6 17 3 9 8 5 22 21 7 24 23 1 10 14 2 13 11 25],(16)
545,[15 12 18 16 4 19 20 6 17 3 9 8 5 21 22 7 24 23 1 10 14 2 13 11 25],(18)
546,[15 12 18 16 4 19 20 6 17 3 9 8 5 21 22 7 24 23 2 10 14 1 13 11 25],(22)
547,[15 12 18 16 4 19 20 6 17 3 9 8 5 21 22 7 24 23 2 11 14 1 13 10 25],(22)
548,[15 12 18 16 4 19 20 6 17 3 10 8 5 21 22 7 24 23 2 11 14 1 13 9 25],(24)
549,[15 12 18 16 4 19 20 6 17 3 10 8 5 22 21 7 24 23 2 11 14 1 13 9 25],(24)
550,[15 11 18 16 4 19 20 6 17 3 10 8 5 22 21 7 24 23 2 12 14 1 13 9 25],(26)
551,[15 11 18 16 4 19 20 6 17 1 10 8 5 22 21 7 24 23 2 12 14 3 13 9 25],(28)
552,[15 11 16 18 4 19 20 6 17 1 10 8 5 22 21 7 24 23 2 12 14 3 13 9 25],(28)
553,[15 11 16 18 4 20 19 6 17 1 10 8 5 22 21 7 24 23 2 12 14 3 13 9 25],(26)
554,[15 11 16 18 4 20 19 6 17 1 7 8 5 22 21 9 24 23 2 12 14 3 13 10 25],(28)
555,[15 11 16 18 4 20 19 6 17 2 7 8 5 22 21 9 24 23 1 12 14 3 13 10 25],(20)
556,[16 11 15 18 4 20 19 6 17 2 7 8 5 22 21 9 24 23 1 12 14 3 13 10 25],(24)
557,[16 11 15 18 4 20 19 6 17 2 9 8 5 22 21 7 24 23 1 12 14 3 13 10 25],(20)
558,[15 11 16 18 4 20 19 6 17 2 9 8 5 22 21 7 24 23 1 12 14 3 13 10 25],(16)
559,[15 11 16 17 4 20 19 6 18 2 9 8 5 22 21 7 24 23 1 12 14 3 13 10 25],(14)
560,[15 12 16 17 4 20 19 6 18 2 9 8 5 22 21 7 24 23 1 11 14 3 13 10 25],(14)
561,[15 12 18 16 4 20 19 6 17 2 9 8 5 22 21 7 24 23 1 11 14 3 13 10 25],(16)
562,[15 11 18 16 4 20 19 6 17 2 9 8 5 22 21 7 24 23 1 12 14 3 13 10 25],(16)
563,[15 11 18 17 4 20 19 6 16 2 9 8 5 22 21 7 24 23 1 12 14 3 13 10 25],(14)
564,[15 11 18 17 4 20 19 6 16 3 9 8 5 22 21 7 24 23 1 12 14 2 13 10 25],(16)
565,[15 11 18 17 4 20 19 6 16 3 10 8 5 22 21 7 24 23 1 12 14 2 13 9 25],(20)
566,[16 11 18 15 4 20 19 6 17 3 10 8 5 22 21 7 24 23 1 12 14 2 13 9 25],(22)
567,[16 11 18 15 4 20 19 6 17 3 9 8 5 22 21 7 24 23 1 12 14 2 13 10 25],(18)
568,[16 12 18 15 4 20 19 6 17 3 9 8 5 22 21 7 24 23 1 11 14 2 13 10 25],(16)
569,[16 12 18 15 4 20 19 6 17 3 9 8 5 22 21 7 25 23 1 11 14 2 13 10 24],(18)
570,[16 11 18 15 4 20 19 6 17 3 9 8 5 22 21 7 25 23 1 12 14 2 13 10 24],(18)
571,[16 11 18 15 4 20 19 6 17 3 9 8 5 22 21 7 24 23 1 12 14 2 13 10 25],(18)
572,[15 11 18 16 4 20 19 6 17 3 9 8 5 22 21 7 24 23 1 12 14 2 13 10 25],(14)
573,[15 11 18 16 4 20 19 6 17 3 9 8 5 22 21 7 25 23 1 12 14 2 13 10 24],(18)
574,[15 11 18 16 4 20 19 6 17 3 9 8 5 22 21 7 23 24 1 12 14 2 13 10 25],(20)
575,[15 11 16 18 4 20 19 6 17 3 9 8 5 22 21 7 23 24 1 12 14 2 13 10 25],(20)
576,[15 11 16 18 4 20 19 6 17 3 9 10 5 22 21 7 23 24 1 12 14 2 13 8 25],(20)
577,[15 11 16 18 4 20 19 6 17 3 8 10 5 22 21 7 23 24 1 12 14 2 13 9 25],(20)
578,[15 11 16 18 4 20 19 6 17 3 8 10 5 22 21 9 23 24 1 12 14 2 13 7 25],(22)
579,[15 11 18 16 4 20 19 6 17 3 8 10 5 22 21 9 23 24 1 12 14 2 13 7 25],(24)
580,[15 11 18 16 4 20 19 6 17 3 9 10 5 22 21 7 23 24 1 12 14 2 13 8 25],(18)
581,[15 11 18 16 4 20 19 6 17 3 8 10 5 22 21 7 23 24 1 12 14 2 13 9 25],(18)
582,[15 11 18 17 4 20 19 6 16 3 8 10 5 22 21 7 23 24 1 12 14 2 13 9 25],(18)
583,[15 11 18 17 3 20 19 6 16 4 8 10 5 22 21 7 23 24 1 12 14 2 13 9 25],(18)
584,[15 11 18 17 3 20 19 6 16 4 8 10 5 24 21 7 22 23 1 12 14 2 13 9 25],(24)
585,[15 11 18 17 3 20 19 6 16 4 7 10 5 24 21 8 22 23 1 12 14 2 13 9 25],(24)
586,[15 11 18 17 3 20 19 6 16 4 8 10 5 24 21 7 22 23 1 12 14 2 13 9 25],(24)
587,[14 11 18 17 3 20 19 6 16 4 8 10 5 24 21 7 22 23 1 12 15 2 13 9 25],(24)
588,[14 11 18 17 3 20 19 6 16 4 8 9 5 24 21 7 22 23 1 12 15 2 13 10 25],(26)
589,[14 11 18 17 3 20 19 5 16 4 8 9 6 24 21 7 22 23 1 12 15 2 13 10 25],(26)
590,[14 11 17 18 3 20 19 5 16 4 8 9 6 24 21 7 22 23 1 12 15 2 13 10 25],(26)
591,[14 11 17 18 3 20 19 5 16 4 8 10 6 24 21 7 22 23 1 12 15 2 13 9 25],(24)
592,[14 11 17 18 3 20 19 5 16 4 8 10 6 23 21 7 22 24 1 12 15 2 13 9 25],(22)
593,[14 11 17 18 3 19 20 5 16 4 8 10 6 23 21 7 22 24 1 12 15 2 13 9 25],(22)
594,[14 11 16 18 3 19 20 5 17 4 8 10 6 23 21 7 22 24 1 12 15 2 13 9 25],(22)
595,[14 11 16 18 3 19 20 5 17 4 8 10 6 22 21 7 23 24 1 12 15 2 13 9 25],(20)
596,[14 11 16 17 3 19 20 5 18 4 8 10 6 22 21 7 23 24 1 12 15 2 13 9 25],(20)
597,[14 11 16 17 4 19 20 5 18 3 8 10 6 22 21 7 23 24 1 12 15 2 13 9 25],(20)
598,[14 11 16 17 4 19 20 6 18 3 8 10 5 22 21 7 23 24 1 12 15 2 13 9 25],(18)
599,[14 11 17 16 4 19 20 6 18 3 8 10 5 22 21 7 23 24 1 12 15 2 13 9 25],(18)
600,[14 11 17 18 4 19 20 6 16 3 8 10 5 22 21 7 23 24 1 12 15 2 13 9 25],(18)
601,[14 11 17 18 4 19 20 6 16 3 8 10 5 21 22 7 23 24 1 12 15 2 13 9 25],(18)
602,[14 11 18 17 4 19 20 6 16 3 8 10 5 21 22 7 23 24 1 12 15 2 13 9 25],(20)
603,[14 11 18 17 4 19 20 6 16 3 8 10 5 21 22 7 24 23 1 12 15 2 13 9 25],(18)
604,[14 11 18 17 4 19 20 6 16 3 8 9 5 21 22 7 24 23 1 12 15 2 13 10 25],(16)
605,[14 11 18 17 4 19 20 6 16 3 8 9 5 21 22 7 23 24 1 12 15 2 13 10 25],(18)
606,[14 11 18 17 4 19 20 6 16 3 8 9 5 22 21 7 23 24 1 12 15 2 13 10 25],(18)
607,[14 11 18 17 4 19 20 6 16 3 8 9 5 22 21 7 24 23 1 12 15 2 13 10 25],(16)
608,[14 11 18 17 4 19 20 6 16 3 8 10 5 22 21 7 24 23 1 12 15 2 13 9 25],(16)
609,[14 11 18 17 4 19 20 6 16 3 7 10 5 22 21 8 24 23 1 12 15 2 13 9 25],(16)
610,[14 11 18 17 4 19 20 6 16 3 7 10 5 22 21 9 24 23 1 12 15 2 13 8 25],(20)
611,[14 11 18 17 4 19 20 6 16 3 7 10 5 22 21 9 24 23 1 13 15 2 12 8 25],(28)
612,[14 11 18 17 4 19 20 6 16 3 7 10 5 22 21 8 24 23 1 13 15 2 12 9 25],(24)
613,[14 9 18 17 4 19 20 6 16 3 7 10 5 22 21 8 24 23 1 13 15 2 12 11 25],(28)
614,[14 9 18 17 4 19 20 7 16 3 6 10 5 22 21 8 24 23 1 13 15 2 12 11 25],(30)
615,[14 9 18 17 4 19 20 7 16 3 8 10 5 22 21 6 24 23 1 13 15 2 12 11 25],(28)
616,[15 9 18 17 4 19 20 7 16 3 8 10 5 22 21 6 24 23 1 13 14 2 12 11 25],(28)
617,[15 9 18 17 4 19 20 7 16 3 8 10 5 22 21 6 24 23 1 12 14 2 13 11 25],(24)
618,[14 9 18 17 4 19 20 7 16 3 8 10 5 22 21 6 24 23 1 12 15 2 13 11 25],(24)
619,[14 9 18 17 4 19 20 7 16 3 8 10 5 21 22 6 24 23 1 12 15 2 13 11 25],(24)
620,[14 9 18 17 4 19 20 6 16 3 8 10 5 21 22 7 24 23 1 12 15 2 13 11 25],(24)
621,[14 9 18 17 4 19 20 5 16 3 8 10 6 21 22 7 24 23 1 12 15 2 13 11 25],(28)
622,[14 10 18 17 4 19 20 5 16 3 8 9 6 21 22 7 24 23 1 12 15 2 13 11 25],(24)
623,[14 11 18 17 4 19 20 5 16 3 8 9 6 21 22 7 24 23 1 12 15 2 13 10 25],(20)
624,[14 11 18 17 4 19 20 6 16 3 8 9 5 21 22 7 24 23 1 12 15 2 13 10 25],(16)
625,[14 11 18 17 4 19 20 6 16 3 8 9 5 22 21 7 24 23 1 12 15 2 13 10 25],(16)
626,[14 11 18 17 4 19 20 6 16 3 8 10 5 22 21 7 24 23 1 12 15 2 13 9 25],(16)
627,[14 11 18 17 4 20 19 6 16 3 8 10 5 22 21 7 24 23 1 12 15 2 13 9 25],(16)
628,[14 12 18 17 4 20 19 6 16 3 8 10 5 22 21 7 24 23 1 11 15 2 13 9 25],(16)
629,[14 12 18 17 4 20 19 6 16 3 8 10 5 23 21 7 24 22 1 11 15 2 13 9 25],(18)
630,[14 12 18 17 4 20 19 6 15 3 8 10 5 23 21 7 24 22 1 11 16 2 13 9 25],(18)
631,[14 12 18 17 4 20 19 6 15 3 8 10 5 22 21 7 24 23 1 11 16 2 13 9 25],(18)
632,[14 12 18 17 4 20 19 5 15 3 8 10 6 22 21 7 24 23 1 11 16 2 13 9 25],(18)
633,[14 12 18 17 4 20 19 5 15 3 7 10 6 22 21 8 24 23 1 11 16 2 13 9 25],(18)
634,[14 12 18 17 4 20 19 5 15 3 7 10 6 23 21 8 24 22 1 11 16 2 13 9 25],(18)
635,[14 12 18 17 4 20 19 5 15 3 7 9 6 23 21 8 24 22 1 11 16 2 13 10 25],(18)
636,[14 12 18 17 4 20 19 3 15 5 7 9 6 23 21 8 24 22 1 11 16 2 13 10 25],(20)
637,[14 12 21 17 4 20 18 3 15 5 7 9 6 23 19 8 24 22 1 11 16 2 13 10 25],(20)
638,[14 12 21 17 4 20 18 5 15 3 7 9 6 23 19 8 24 22 1 11 16 2 13 10 25],(24)
639,[14 12 19 17 4 20 18 5 15 3 7 9 6 23 21 8 24 22 1 11 16 2 13 10 25],(18)
640,[14 12 19 17 4 20 18 5 15 3 7 9 6 23 21 8 24 22 1 10 16 2 13 11 25],(20)
641,[14 12 19 17 4 20 18 5 15 3 7 9 6 22 21 8 24 23 1 10 16 2 13 11 25],(20)
642,[14 12 19 17 4 20 18 5 15 3 7 9 6 22 21 8 24 23 2 10 16 1 13 11 25],(24)
643,[14 12 19 17 4 20 18 5 15 3 7 9 6 22 21 8 24 23 2 11 16 1 13 10 25],(22)
644,[14 12 19 17 4 20 18 3 15 5 7 9 6 22 21 8 24 23 2 11 16 1 13 10 25],(22)
645,[14 12 18 17 4 20 19 3 15 5 7 9 6 22 21 8 24 23 2 11 16 1 13 10 25],(22)
646,[14 12 18 17 4 20 19 3 15 5 7 9 6 23 21 8 24 22 2 11 16 1 13 10 25],(22)
647,[14 12 19 17 4 20 18 3 15 5 7 9 6 23 21 8 24 22 2 11 16 1 13 10 25],(22)
648,[14 12 21 17 4 20 18 3 15 5 7 9 6 23 19 8 24 22 2 11 16 1 13 10 25],(22)
649,[14 12 21 17 4 20 18 3 15 5 7 10 6 23 19 8 24 22 2 11 16 1 13 9 25],(18)
650,[14 12 21 17 4 20 18 3 15 5 6 10 7 23 19 8 24 22 2 11 16 1 13 9 25],(20)
651,[14 12 21 15 4 20 18 3 17 5 6 10 7 23 19 8 24 22 2 11 16 1 13 9 25],(22)
652,[14 12 21 15 4 20 18 6 17 5 7 10 3 23 19 8 24 22 2 11 16 1 13 9 25],(22)
653,[14 12 21 15 4 20 18 6 17 5 7 10 3 22 19 8 24 23 2 11 16 1 13 9 25],(24)
654,[14 12 21 16 4 20 18 6 17 5 7 10 3 22 19 8 24 23 2 11 15 1 13 9 25],(26)
655,[14 12 19 16 4 20 18 6 17 5 7 10 3 22 21 8 24 23 2 11 15 1 13 9 25],(24)
656,[14 12 19 16 3 20 18 6 17 5 7 10 4 22 21 8 24 23 2 11 15 1 13 9 25],(20)
657,[14 12 19 16 3 20 18 6 17 5 7 10 4 22 21 8 24 23 1 11 15 2 13 9 25],(20)
658,[14 12 19 16 3 20 18 6 17 4 7 10 5 22 21 8 24 23 1 11 15 2 13 9 25],(18)
659,[15 12 19 16 3 20 18 6 17 4 7 10 5 22 21 8 24 23 1 11 14 2 13 9 25],(18)
660,[15 12 19 16 3 20 18 6 17 4 8 10 5 22 21 7 24 23 1 11 14 2 13 9 25],(16)
661,[14 12 19 16 3 20 18 6 17 4 8 10 5 22 21 7 24 23 1 11 15 2 13 9 25],(16)
662,[13 12 19 16 3 20 18 6 17 4 8 10 5 22 21 7 24 23 1 11 15 2 14 9 25],(22)
663,[13 12 19 16 5 20 18 6 17 4 8 10 3 22 21 7 24 23 1 11 15 2 14 9 25],(22)
664,[13 12 19 16 5 20 18 6 17 4 8 10 3 23 21 7 24 22 1 11 15 2 14 9 25],(22)
665,[14 12 19 16 5 20 18 6 17 4 8 10 3 23 21 7 24 22 1 11 15 2 13 9 25],(20)
666,[14 12 19 15 5 20 18 6 17 4 8 10 3 23 21 7 24 22 1 11 16 2 13 9 25],(18)
667,[14 12 19 15 3 20 18 6 17 4 8 10 5 23 21 7 24 22 1 11 16 2 13 9 25],(18)
668,[14 10 19 15 3 20 18 6 17 4 8 12 5 23 21 7 24 22 1 11 16 2 13 9 25],(16)
669,[14 10 19 15 3 21 18 6 17 4 8 12 5 23 20 7 24 22 1 11 16 2 13 9 25],(18)
670,[14 10 19 15 3 21 18 6 17 4 8 11 5 23 20 7 24 22 1 12 16 2 13 9 25],(18)
671,[14 10 19 17 3 21 18 6 16 4 8 11 5 23 20 7 24 22 1 12 15 2 13 9 25],(18)
672,[14 10 19 17 4 21 18 6 16 3 8 11 5 23 20 7 24 22 1 12 15 2 13 9 25],(18)
673,[14 10 19 17 5 21 18 6 16 3 8 11 4 23 20 7 24 22 1 12 15 2 13 9 25],(18)
674,[14 10 19 17 5 21 18 6 15 3 8 11 4 23 20 7 24 22 1 12 16 2 13 9 25],(20)
675,[14 10 19 17 5 21 18 4 15 3 8 11 6 23 20 7 24 22 1 12 16 2 13 9 25],(20)
676,[14 11 19 17 5 21 18 4 15 3 8 10 6 23 20 7 24 22 1 12 16 2 13 9 25],(22)
677,[14 12 19 17 5 21 18 4 15 3 8 10 6 23 20 7 24 22 1 11 16 2 13 9 25],(24)
678,[14 11 19 17 5 21 18 4 15 3 8 10 6 23 20 7 24 22 1 12 16 2 13 9 25],(22)
679,[14 11 19 17 5 21 18 4 16 3 8 10 6 23 20 7 24 22 1 12 15 2 13 9 25],(20)
680,[14 11 19 17 4 21 18 5 16 3 8 10 6 23 20 7 24 22 1 12 15 2 13 9 25],(16)
681,[15 11 19 17 4 21 18 5 16 3 8 10 6 23 20 7 24 22 1 12 14 2 13 9 25],(16)
682,[15 11 19 17 4 21 18 5 16 3 8 10 6 22 20 7 24 23 1 12 14 2 13 9 25],(18)
683,[15 11 19 16 4 21 18 5 17 3 8 10 6 22 20 7 24 23 1 12 14 2 13 9 25],(16)
684,[15 11 19 16 3 21 18 5 17 4 8 10 6 22 20 7 24 23 1 12 14 2 13 9 25],(16)
685,[15 11 19 16 3 21 18 6 17 4 8 10 5 22 20 7 24 23 1 12 14 2 13 9 25],(16)
686,[15 11 19 16 3 21 18 6 17 4 8 10 5 23 20 7 24 22 1 12 14 2 13 9 25],(16)
687,[15 11 19 16 3 21 17 6 18 4 8 10 5 23 20 7 24 22 1 12 14 2 13 9 25],(18)
688,[15 11 19 16 3 20 17 6 18 4 8 10 5 23 21 7 24 22 1 12 14 2 13 9 25],(20)
689,[15 11 19 16 3 21 17 6 18 4 8 10 5 23 20 7 24 22 1 12 14 2 13 9 25],(18)
690,[15 11 19 16 4 21 17 6 18 3 8 10 5 23 20 7 24 22 1 12 14 2 13 9 25],(16)
691,[15 11 19 16 4 21 17 5 18 3 8 10 6 23 20 7 24 22 1 12 14 2 13 9 25],(18)
692,[15 11 19 16 4 21 17 6 18 3 8 10 5 23 20 7 24 22 1 12 14 2 13 9 25],(16)
693,[15 11 17 16 4 21 19 6 18 3 8 10 5 23 20 7 24 22 1 12 14 2 13 9 25],(20)
694,[15 11 17 16 5 21 19 6 18 3 8 10 4 23 20 7 24 22 1 12 14 2 13 9 25],(20)
695,[15 10 17 16 5 21 19 6 18 3 8 11 4 23 20 7 24 22 1 12 14 2 13 9 25],(20)
696,[15 11 17 16 5 21 19 6 18 3 8 10 4 23 20 7 24 22 1 12 14 2 13 9 25],(20)
697,[15 11 18 16 5 21 19 6 17 3 8 10 4 23 20 7 24 22 1 12 14 2 13 9 25],(18)
698,[14 11 18 16 5 21 19 6 17 3 8 10 4 23 20 7 24 22 1 12 15 2 13 9 25],(20)
699,[15 11 18 16 5 21 19 6 17 3 8 10 4 23 20 7 24 22 1 12 14 2 13 9 25],(18)
700,[14 11 18 16 5 21 19 6 17 3 8 10 4 23 20 7 24 22 1 12 15 2 13 9 25],(20)
701,[14 11 18 16 5 21 19 6 17 3 7 10 4 23 20 9 24 22 1 12 15 2 13 8 25],(24)
702,[14 11 18 16 6 21 19 5 17 3 7 10 4 23 20 9 24 22 1 12 15 2 13 8 25],(24)
703,[14 11 18 17 6 21 19 5 16 3 7 10 4 23 20 9 24 22 1 12 15 2 13 8 25],(24)
704,[14 11 18 17 6 21 19 5 16 3 7 10 4 24 20 9 23 22 1 12 15 2 13 8 25],(24)
705,[14 10 18 17 6 21 19 5 16 3 7 12 4 24 20 9 23 22 1 11 15 2 13 8 25],(26)
706,[14 10 18 17 6 21 19 5 16 3 7 11 4 24 20 9 23 22 1 12 15 2 13 8 25],(24)
707,[14 10 18 17 6 21 19 5 16 3 7 11 4 24 20 8 23 22 1 12 15 2 13 9 25],(22)
708,[14 10 18 17 6 21 19 4 16 3 7 11 5 24 20 8 23 22 1 12 15 2 13 9 25],(20)
709,[14 10 18 17 6 21 19 4 16 3 7 11 5 23 20 8 24 22 1 12 15 2 13 9 25],(22)
710,[14 10 18 17 6 21 19 4 16 3 7 11 5 24 20 8 23 22 1 12 15 2 13 9 25],(20)
711,[14 10 20 17 6 21 19 4 16 3 7 11 5 24 18 8 23 22 1 12 15 2 13 9 25],(22)
712,[14 10 20 17 5 21 19 4 16 3 7 11 6 24 18 8 23 22 1 12 15 2 13 9 25],(20)
713,[14 10 18 17 5 21 19 4 16 3 7 11 6 24 20 8 23 22 1 12 15 2 13 9 25],(18)
714,[14 10 20 17 5 21 19 4 16 3 7 11 6 24 18 8 23 22 1 12 15 2 13 9 25],(20)
715,[14 10 20 17 5 21 19 4 16 3 7 11 6 23 18 8 24 22 1 12 15 2 13 9 25],(22)
716,[14 10 20 17 5 21 18 4 16 3 7 11 6 23 19 8 24 22 1 12 15 2 13 9 25],(20)
717,[14 10 19 17 5 21 18 4 16 3 7 11 6 23 20 8 24 22 1 12 15 2 13 9 25],(18)
718,[14 10 19 17 4 21 18 5 16 3 7 11 6 23 20 8 24 22 1 12 15 2 13 9 25],(16)
719,[14 10 19 17 4 21 18 5 16 3 9 11 6 23 20 8 24 22 1 12 15 2 13 7 25],(20)
720,[14 10 19 17 4 22 18 5 16 3 9 11 6 23 20 8 24 21 1 12 15 2 13 7 25],(22)
721,[14 10 19 17 4 21 18 5 16 3 9 11 6 23 20 8 24 22 1 12 15 2 13 7 25],(20)
722,[14 10 19 17 4 21 18 5 16 3 7 11 6 23 20 8 24 22 1 12 15 2 13 9 25],(16)
723,[14 11 19 17 4 21 18 5 16 3 7 10 6 23 20 8 24 22 1 12 15 2 13 9 25],(14)
724,[14 11 19 17 4 21 18 5 15 3 7 10 6 23 20 8 24 22 1 12 16 2 13 9 25],(16)
725,[14 11 19 18 4 21 17 5 15 3 7 10 6 23 20 8 24 22 1 12 16 2 13 9 25],(22)
726,[14 11 19 18 4 21 17 5 15 2 7 10 6 23 20 8 24 22 1 12 16 3 13 9 25],(24)
727,[14 11 19 18 4 21 17 5 15 2 8 10 6 23 20 7 24 22 1 12 16 3 13 9 25],(22)
728,[14 11 19 18 4 20 17 5 15 2 8 10 6 23 21 7 24 22 1 12 16 3 13 9 25],(20)
729,[14 11 19 18 3 20 17 5 15 2 8 10 6 23 21 7 24 22 1 12 16 4 13 9 25],(24)
730,[14 11 19 18 3 20 17 6 15 2 8 10 5 23 21 7 24 22 1 12 16 4 13 9 25],(26)
731,[14 11 19 17 3 20 18 6 15 2 8 10 5 23 21 7 24 22 1 12 16 4 13 9 25],(26)
732,[14 11 19 17 3 21 18 6 15 2 8 10 5 23 20 7 24 22 1 12 16 4 13 9 25],(24)
733,[14 11 19 17 3 21 18 6 16 2 8 10 5 23 20 7 24 22 1 12 15 4 13 9 25],(22)
734,[14 11 19 17 3 21 18 6 16 2 8 10 5 22 20 7 24 23 1 12 15 4 13 9 25],(22)
735,[14 11 19 17 3 21 18 6 16 4 8 10 5 22 20 7 24 23 1 12 15 2 13 9 25],(16)
736,[14 11 19 17 3 21 18 5 16 4 8 10 6 22 20 7 24 23 1 12 15 2 13 9 25],(16)
737,[14 11 19 17 3 21 18 6 16 4 8 10 5 22 20 7 24 23 1 12 15 2 13 9 25],(16)
738,[14 11 19 17 3 21 18 6 16 5 8 10 4 22 20 7 24 23 1 12 15 2 13 9 25],(20)
739,[14 11 19 17 3 21 18 6 16 4 8 10 5 22 20 7 24 23 1 12 15 2 13 9 25],(16)
740,[14 11 19 17 3 21 18 6 16 4 8 10 5 22 20 7 23 24 1 12 15 2 13 9 25],(20)
741,[14 11 19 17 3 21 18 5 16 4 8 10 6 22 20 7 23 24 1 12 15 2 13 9 25],(20)
742,[14 11 19 17 3 20 18 5 16 4 8 10 6 22 21 7 23 24 1 12 15 2 13 9 25],(20)
743,[14 11 19 17 3 21 18 5 16 4 8 10 6 22 20 7 23 24 1 12 15 2 13 9 25],(20)
744,[14 11 19 16 3 21 18 5 17 4 8 10 6 22 20 7 23 24 1 12 15 2 13 9 25],(20)
745,[14 11 19 16 3 21 18 5 17 4 8 10 6 22 20 7 24 23 1 12 15 2 13 9 25],(14)
746,[14 11 20 16 3 21 18 5 17 4 8 10 6 22 19 7 24 23 1 12 15 2 13 9 25],(14)
747,[14 11 20 16 3 21 18 5 17 4 8 10 6 23 19 7 24 22 1 12 15 2 13 9 25],(14)
748,[14 11 20 16 3 21 18 6 17 4 8 10 5 23 19 7 24 22 1 12 15 2 13 9 25],(16)
749,[14 11 19 16 3 21 18 6 17 4 8 10 5 23 20 7 24 22 1 12 15 2 13 9 25],(16)
750,[14 11 19 18 3 21 17 6 16 4 8 10 5 23 20 7 24 22 1 12 15 2 13 9 25],(20)
751,[14 11 19 18 3 20 17 6 16 4 8 10 5 23 21 7 24 22 1 12 15 2 13 9 25],(22)
752,[14 11 19 17 3 20 18 6 16 4 8 10 5 23 21 7 24 22 1 12 15 2 13 9 25],(18)
753,[14 10 19 17 3 20 18 6 16 4 8 11 5 23 21 7 24 22 1 12 15 2 13 9 25],(18)
754,[14 10 19 17 3 20 18 6 16 4 7 11 5 23 21 8 24 22 1 12 15 2 13 9 25],(18)
755,[15 10 19 17 3 20 18 6 16 4 7 11 5 23 21 8 24 22 1 12 14 2 13 9 25],(18)
756,[15 10 19 17 3 20 18 5 16 4 7 11 6 23 21 8 24 22 1 12 14 2 13 9 25],(18)
757,[15 11 19 17 3 20 18 5 16 4 7 10 6 23 21 8 24 22 1 12 14 2 13 9 25],(16)
758,[15 11 19 17 3 22 18 5 16 4 7 10 6 23 21 8 24 20 1 12 14 2 13 9 25],(16)
759,[15 11 21 17 3 22 18 5 16 4 7 10 6 23 19 8 24 20 1 12 14 2 13 9 25],(16)
760,[15 10 21 17 3 22 18 5 16 4 7 11 6 23 19 8 24 20 1 12 14 2 13 9 25],(16)
761,[15 10 20 17 3 22 18 5 16 4 7 11 6 23 19 8 24 21 1 12 14 2 13 9 25],(14)
762,[15 10 20 17 3 22 18 5 16 4 6 11 7 23 19 8 24 21 1 12 14 2 13 9 25],(14)
763,[15 10 20 17 3 22 18 5 16 4 6 11 7 23 19 8 25 21 1 12 14 2 13 9 24],(14)
764,[15 10 21 17 3 22 18 5 16 4 6 11 7 23 19 8 25 20 1 12 14 2 13 9 24],(16)
765,[15 10 21 17 3 22 18 4 16 6 5 11 7 23 19 8 25 20 1 12 14 2 13 9 24],(16)
766,[15 10 21 17 3 22 18 4 16 6 5 11 7 23 19 9 25 20 1 12 14 2 13 8 24],(18)
767,[14 10 21 17 3 22 18 4 16 6 5 11 7 23 19 9 25 20 1 12 15 2 13 8 24],(16)
768,[15 10 21 17 3 22 18 4 16 6 5 11 7 23 19 9 25 20 1 12 14 2 13 8 24],(18)
769,[15 10 21 17 3 22 18 4 16 6 5 11 7 23 19 8 25 20 1 12 14 2 13 9 24],(16)
770,[15 10 21 17 3 22 18 4 14 6 5 11 7 23 19 8 25 20 1 12 16 2 13 9 24],(12)
771,[15 10 21 17 3 22 18 4 14 6 5 11 7 23 20 8 25 19 1 12 16 2 13 9 24],(12)
772,[15 11 21 17 3 22 18 4 14 6 5 10 7 23 20 8 25 19 1 12 16 2 13 9 24],(16)
773,[15 11 21 16 3 22 18 4 14 6 5 10 7 23 20 8 25 19 1 12 17 2 13 9 24],(18)
774,[15 11 21 16 3 22 18 4 14 6 5 10 7 23 19 8 25 20 1 12 17 2 13 9 24],(20)
775,[15 11 21 16 3 22 18 4 14 6 5 10 8 23 19 7 25 20 1 12 17 2 13 9 24],(22)
776,[15 11 21 16 4 22 18 3 14 6 5 10 8 23 19 7 25 20 1 12 17 2 13 9 24],(22)
777,[15 11 21 16 3 22 18 4 14 6 5 10 8 23 19 7 25 20 1 12 17 2 13 9 24],(22)
778,[15 11 21 16 3 23 18 4 14 6 5 10 8 22 19 7 25 20 1 12 17 2 13 9 24],(22)
779,[15 11 21 16 2 23 18 4 14 6 5 10 8 22 19 7 25 20 1 12 17 3 13 9 24],(24)
780,[15 11 21 16 2 23 18 4 14 6 5 10 8 22 19 7 25 20 1 13 17 3 12 9 24],(24)
781,[15 11 21 16 2 23 18 4 17 6 5 10 8 22 19 7 25 20 1 13 14 3 12 9 24],(26)
782,[15 11 21 16 2 23 18 4 14 6 5 10 8 22 19 7 25 20 1 13 17 3 12 9 24],(24)
783,[15 11 21 17 2 23 18 4 14 6 5 10 8 22 19 7 25 20 1 13 16 3 12 9 24],(20)
784,[15 11 21 17 2 22 18 4 14 6 5 10 8 23 19 7 25 20 1 13 16 3 12 9 24],(20)
785,[15 11 21 17 2 22 18 4 14 6 5 10 8 23 19 7 25 20 1 12 16 3 13 9 24],(20)
786,[13 11 21 17 2 22 18 4 15 6 5 10 8 23 19 7 25 20 1 14 16 3 12 9 24],(20)
787,[13 11 21 17 2 22 16 4 15 6 5 10 8 23 19 7 25 20 1 14 18 3 12 9 24],(22)
788,[13 11 21 17 2 25 16 4 15 6 5 10 8 23 19 7 22 20 1 14 18 3 12 9 24],(28)
789,[13 11 21 17 2 22 16 4 15 6 5 10 8 23 19 7 25 20 1 14 18 3 12 9 24],(22)
790,[13 11 21 17 2 23 16 4 15 6 5 10 8 22 19 7 25 20 1 14 18 3 12 9 24],(24)
791,[13 11 21 17 2 23 16 4 15 7 5 10 8 22 19 6 25 20 1 14 18 3 12 9 24],(24)
792,[13 11 21 18 2 23 16 4 15 7 5 10 8 22 19 6 25 20 1 14 17 3 12 9 24],(20)
793,[13 11 21 18 2 25 16 4 15 7 5 10 8 22 19 6 23 20 1 14 17 3 12 9 24],(22)
794,[13 11 21 18 2 25 16 4 15 7 5 12 8 22 19 6 23 20 1 14 17 3 10 9 24],(24)
795,[13 11 21 18 2 23 16 4 15 7 5 12 8 22 19 6 25 20 1 14 17 3 10 9 24],(22)
796,[13 11 22 18 2 23 16 4 15 7 5 12 8 21 19 6 25 20 1 14 17 3 10 9 24],(22)
797,[13 10 22 18 2 23 16 4 15 7 5 12 8 21 19 6 25 20 1 14 17 3 11 9 24],(18)
798,[13 10 22 18 2 23 16 4 15 6 5 12 8 21 19 7 25 20 1 14 17 3 11 9 24],(18)
799,[13 10 22 18 3 23 16 4 15 6 5 12 8 21 19 7 25 20 1 14 17 2 11 9 24],(22)
800,[13 9 22 18 3 23 16 4 15 6 5 12 8 21 19 7 25 20 1 14 17 2 11 10 24],(22)
801,[13 9 22 18 1 23 16 4 15 6 5 12 8 21 19 7 25 20 3 14 17 2 11 10 24],(20)
802,[13 9 22 18 1 23 16 4 15 6 5 12 8 21 19 7 25 20 2 14 17 3 11 10 24],(18)
803,[13 9 22 18 1 23 16 4 15 7 5 12 8 21 19 6 25 20 2 14 17 3 11 10 24],(16)
804,[13 9 22 18 1 23 16 4 15 7 5 11 8 21 19 6 25 20 2 14 17 3 12 10 24],(20)
805,[13 9 22 18 1 23 16 4 15 7 5 11 8 21 19 6 24 20 2 14 17 3 12 10 25],(18)
806,[16 9 22 18 1 23 13 4 15 7 5 11 8 21 19 6 24 20 2 14 17 3 12 10 25],(24)
807,[16 9 22 18 1 23 13 7 15 6 5 11 8 21 19 4 24 20 2 14 17 3 12 10 25],(24)
808,[16 9 22 18 1 23 13 7 15 6 5 11 8 20 19 4 24 21 2 14 17 3 12 10 25],(24)
809,[16 9 22 18 1 23 14 7 15 6 5 11 8 20 19 4 24 21 2 13 17 3 12 10 25],(22)
810,[16 9 22 18 1 23 14 7 15 6 5 11 8 21 19 4 24 20 2 13 17 3 12 10 25],(22)
811,[16 9 22 18 1 23 14 7 15 6 5 11 8 19 21 4 24 20 2 13 17 3 12 10 25],(20)
812,[16 9 22 18 1 23 14 7 15 6 5 12 8 19 21 4 24 20 2 13 17 3 11 10 25],(18)
813,[16 9 22 18 1 23 14 7 15 6 5 12 8 19 21 4 25 20 2 13 17 3 11 10 24],(14)
814,[16 9 22 18 1 23 14 7 15 6 5 12 8 19 21 4 25 20 3 13 17 2 11 10 24],(16)
815,[16 9 23 18 1 22 14 7 15 6 5 12 8 19 21 4 25 20 3 13 17 2 11 10 24],(16)
816,[16 9 23 18 1 22 14 7 15 6 5 12 8 19 21 4 25 20 3 13 17 2 10 11 24],(18)
817,[16 9 23 17 1 22 14 7 15 6 5 12 8 19 21 4 25 20 3 13 18 2 10 11 24],(18)
818,[16 9 23 17 1 22 14 7 15 6 5 12 8 19 21 4 25 20 3 13 18 2 11 10 24],(18)
819,[16 9 23 17 1 22 14 7 15 6 5 12 8 19 21 4 25 20 3 13 18 2 10 11 24],(18)
820,[16 9 23 17 1 22 14 8 15 6 5 12 7 19 21 4 25 20 3 13 18 2 10 11 24],(18)
821,[18 9 23 17 1 22 14 8 15 6 5 12 7 19 21 4 25 20 3 13 16 2 10 11 24],(18)
822,[18 9 23 17 1 22 14 7 15 6 5 12 8 19 21 4 25 20 3 13 16 2 10 11 24],(20)
823,[18 9 23 17 1 22 14 8 15 6 5 12 7 19 21 4 25 20 3 13 16 2 10 11 24],(18)
824,[18 9 23 17 1 22 14 8 15 6 5 12 7 20 21 4 25 19 3 13 16 2 10 11 24],(18)
825,[18 9 23 17 1 22 14 8 15 6 7 12 5 20 21 4 25 19 3 13 16 2 10 11 24],(20)
826,[18 9 23 17 1 22 14 8 15 6 7 12 5 20 21 2 25 19 3 13 16 4 10 11 24],(20)
827,[18 9 23 17 1 22 14 8 15 6 7 12 5 20 21 4 25 19 3 13 16 2 10 11 24],(20)
828,[18 9 23 17 1 22 14 8 15 6 5 12 7 20 21 4 25 19 3 13 16 2 10 11 24],(18)
829,[18 9 23 16 1 22 14 8 15 6 5 12 7 20 21 4 25 19 3 13 17 2 10 11 24],(18)
830,[18 9 22 16 1 23 14 8 15 6 5 12 7 20 21 4 25 19 3 13 17 2 10 11 24],(20)
831,[16 9 22 18 1 23 14 8 15 6 5 12 7 20 21 4 25 19 3 13 17 2 10 11 24],(20)
832,[16 9 22 18 1 23 14 8 15 6 5 12 7 20 21 4 25 19 2 13 17 3 10 11 24],(16)
833,[16 9 22 18 1 23 15 8 14 6 5 12 7 20 21 4 25 19 2 13 17 3 10 11 24],(16)
834,[16 9 22 18 1 23 15 6 14 7 5 12 8 20 21 4 25 19 2 13 17 3 10 11 24],(10)
835,[16 9 22 18 1 23 15 6 14 7 5 12 8 19 21 4 25 20 2 13 17 3 10 11 24],(12)
836,[16 9 22 18 1 23 15 6 14 7 5 12 8 20 21 4 25 19 2 13 17 3 10 11 24],(10)
837,[16 9 22 18 1 23 15 6 14 7 4 12 8 20 21 5 25 19 2 13 17 3 10 11 24],(6)
838,[16 9 22 18 1 23 15 6 14 7 4 12 8 19 21 5 25 20 2 13 17 3 10 11 24],(10)
839,[16 9 21 18 1 23 15 6 14 7 4 12 8 19 22 5 25 20 2 13 17 3 10 11 24],(10)
840,[16 9 21 18 1 23 15 6 14 7 4 12 8 20 22 5 25 19 2 13 17 3 10 11 24],(10)
841,[16 9 21 18 1 23 15 6 14 7 4 12 8 20 22 5 25 19 2 13 17 3 11 10 24],(10)
842,[16 9 21 18 1 23 15 6 14 7 4 12 8 20 22 5 25 19 3 13 17 2 11 10 24],(14)
843,[16 9 21 18 1 23 15 6 13 7 4 12 8 20 22 5 25 19 3 14 17 2 11 10 24],(20)
844,[15 9 21 18 1 23 16 6 13 7 4 12 8 20 22 5 25 19 3 14 17 2 11 10 24],(20)
845,[16 9 21 18 1 23 15 6 13 7 4 12 8 20 22 5 25 19 3 14 17 2 11 10 24],(20)
846,[16 9 21 18 1 23 15 6 14 7 4 12 8 20 22 5 25 19 3 13 17 2 11 10 24],(14)
847,[16 9 21 18 1 23 15 6 14 7 2 12 8 20 22 5 25 19 3 13 17 4 11 10 24],(18)
848,[17 9 21 18 1 23 15 6 14 7 2 12 8 20 22 5 25 19 3 13 16 4 11 10 24],(22)
849,[17 9 21 18 1 23 15 6 14 7 4 12 8 20 22 5 25 19 3 13 16 2 11 10 24],(18)
850,[17 9 22 18 1 23 15 6 14 7 4 12 8 20 21 5 25 19 3 13 16 2 11 10 24],(16)
851,[17 9 22 18 1 23 15 7 14 6 4 12 8 20 21 5 25 19 3 13 16 2 11 10 24],(18)
852,[17 9 22 18 1 23 15 6 14 7 4 12 8 20 21 5 25 19 3 13 16 2 11 10 24],(16)
853,[17 9 22 18 1 23 15 6 14 7 4 12 8 20 21 5 25 19 3 13 16 2 10 11 24],(16)
854,[17 9 22 18 1 23 15 6 14 7 4 12 8 19 21 5 25 20 3 13 16 2 10 11 24],(20)
855,[16 9 22 18 1 23 15 6 14 7 4 12 8 19 21 5 25 20 3 13 17 2 10 11 24],(16)
856,[16 9 22 18 1 23 15 6 14 7 5 12 8 19 21 4 25 20 3 13 17 2 10 11 24],(16)
857,[16 9 22 18 1 23 15 6 14 7 5 13 8 19 21 4 25 20 3 12 17 2 10 11 24],(16)
858,[16 10 22 18 1 23 15 6 14 7 5 13 8 19 21 4 25 20 3 12 17 2 9 11 24],(16)
859,[16 10 22 18 1 23 15 6 14 7 5 13 8 19 21 4 25 20 2 12 17 3 9 11 24],(14)
860,[16 10 22 18 1 23 15 6 14 7 5 12 8 19 21 4 25 20 2 13 17 3 9 11 24],(12)
861,[16 10 22 18 1 23 15 6 14 7 5 12 8 19 21 4 25 20 3 13 17 2 9 11 24],(16)
862,[16 10 22 18 1 23 15 6 14 7 4 12 8 19 21 5 25 20 3 13 17 2 9 11 24],(16)
863,[16 10 22 18 1 23 15 6 14 7 5 12 8 19 21 4 25 20 3 13 17 2 9 11 24],(16)
864,[16 10 22 18 1 23 15 6 14 7 5 12 8 19 20 4 25 21 3 13 17 2 9 11 24],(18)
865,[16 10 22 18 1 23 15 6 14 7 4 12 8 19 20 5 25 21 3 13 17 2 9 11 24],(18)
866,[16 10 22 18 1 23 15 6 14 7 4 12 8 19 20 5 24 21 3 13 17 2 9 11 25],(22)
867,[16 10 22 18 1 20 15 6 14 7 4 12 8 19 23 5 24 21 3 13 17 2 9 11 25],(26)
868,[16 10 22 18 1 20 14 6 15 7 4 12 8 19 23 5 24 21 3 13 17 2 9 11 25],(28)
869,[14 10 22 18 1 20 16 6 15 7 4 12 8 19 23 5 24 21 3 13 17 2 9 11 25],(26)
870,[14 10 22 18 1 20 16 6 15 7 4 12 8 19 23 5 25 21 3 13 17 2 9 11 24],(24)
871,[14 10 22 19 1 20 16 6 15 7 4 12 8 18 23 5 25 21 3 13 17 2 9 11 24],(26)
872,[14 10 22 19 1 20 16 6 15 7 5 12 8 18 23 4 25 21 3 13 17 2 9 11 24],(24)
873,[14 10 22 17 1 20 16 6 15 7 5 12 8 18 23 4 25 21 3 13 19 2 9 11 24],(26)
874,[14 10 22 19 1 20 16 6 15 7 5 12 8 18 23 4 25 21 3 13 17 2 9 11 24],(24)
875,[15 10 22 19 1 20 16 6 14 7 5 12 8 18 23 4 25 21 3 13 17 2 9 11 24],(22)
876,[15 10 22 19 1 20 16 6 14 7 5 12 8 17 23 4 25 21 3 13 18 2 9 11 24],(22)
877,[15 10 22 19 1 20 16 6 14 7 5 13 8 17 23 4 25 21 3 12 18 2 9 11 24],(24)
878,[15 10 22 19 1 20 16 6 14 8 5 13 7 17 23 4 25 21 3 12 18 2 9 11 24],(20)
879,[15 10 22 17 1 20 16 6 14 8 5 13 7 19 23 4 25 21 3 12 18 2 9 11 24],(16)
880,[15 10 22 17 1 20 16 6 14 8 5 13 7 18 23 4 25 21 3 12 19 2 9 11 24],(16)
881,[15 10 22 17 1 20 16 6 14 8 4 13 7 18 23 5 25 21 3 12 19 2 9 11 24],(16)
882,[15 10 22 17 1 20 16 6 14 8 4 13 7 18 23 5 25 21 3 11 19 2 9 12 24],(16)
883,[16 10 22 17 1 20 15 6 14 8 4 13 7 18 23 5 25 21 3 11 19 2 9 12 24],(16)
884,[16 10 21 17 1 20 15 6 14 8 4 13 7 18 23 5 25 22 3 11 19 2 9 12 24],(18)
885,[16 10 21 18 1 20 15 6 14 8 4 13 7 17 23 5 25 22 3 11 19 2 9 12 24],(20)
886,[16 10 21 18 1 20 15 6 14 8 4 12 7 17 23 5 25 22 3 11 19 2 9 13 24],(20)
887,[16 10 21 18 1 20 15 6 14 8 4 12 7 17 23 5 25 22 3 13 19 2 9 11 24],(20)
888,[16 10 21 18 1 20 15 6 14 8 5 12 7 17 23 4 25 22 3 13 19 2 9 11 24],(18)
889,[16 10 22 18 1 20 15 6 14 8 5 12 7 17 23 4 25 21 3 13 19 2 9 11 24],(18)
890,[16 10 22 19 1 20 15 6 14 8 5 12 7 17 23 4 25 21 3 13 18 2 9 11 24],(20)
891,[16 10 21 19 1 20 15 6 14 8 5 12 7 17 23 4 25 22 3 13 18 2 9 11 24],(20)
892,[16 10 21 19 1 20 15 6 14 8 5 11 7 17 23 4 25 22 3 13 18 2 9 12 24],(22)
893,[16 10 21 19 1 20 15 6 14 8 5 12 7 17 23 4 25 22 3 13 18 2 9 11 24],(20)
894,[16 10 21 19 1 20 15 6 14 8 5 12 7 17 23 4 24 22 3 13 18 2 9 11 25],(22)
895,[14 10 21 19 1 20 15 6 16 8 5 12 7 17 23 4 24 22 3 13 18 2 9 11 25],(22)
896,[14 10 21 19 1 20 15 6 16 8 5 12 7 17 23 3 24 22 4 13 18 2 9 11 25],(22)
897,[14 10 21 19 1 20 16 6 15 8 5 12 7 17 23 3 24 22 4 13 18 2 9 11 25],(22)
898,[14 10 21 19 1 20 16 6 15 8 5 13 7 17 23 3 24 22 4 12 18 2 9 11 25],(20)
899,[14 10 22 19 1 20 16 6 15 8 5 13 7 17 23 3 24 21 4 12 18 2 9 11 25],(22)
900,[14 11 22 19 1 20 16 6 15 8 5 13 7 17 23 3 24 21 4 12 18 2 9 10 25],(22)
901,[14 11 21 19 1 20 16 6 15 8 5 13 7 17 23 3 24 22 4 12 18 2 9 10 25],(22)
902,[14 11 21 19 1 20 15 6 16 8 5 13 7 17 23 3 24 22 4 12 18 2 9 10 25],(22)
903,[14 11 21 19 1 20 15 6 16 8 5 13 7 17 23 2 24 22 4 12 18 3 9 10 25],(22)
904,[14 11 23 19 1 20 15 6 16 8 5 13 7 17 21 2 24 22 4 12 18 3 9 10 25],(22)
905,[14 11 23 19 1 20 15 6 16 8 5 13 7 18 21 2 24 22 4 12 17 3 9 10 25],(22)
906,[14 11 23 19 1 21 15 6 16 8 5 13 7 18 20 2 24 22 4 12 17 3 9 10 25],(24)
907,[14 11 23 19 1 20 15 6 16 8 5 13 7 18 21 2 24 22 4 12 17 3 9 10 25],(22)
908,[14 9 23 19 1 20 15 6 16 8 5 13 7 18 21 2 24 22 4 12 17 3 11 10 25],(26)
909,[14 9 23 19 1 20 15 6 16 8 5 13 7 18 21 2 24 22 4 12 17 3 10 11 25],(28)
910,[14 11 23 19 1 20 15 6 16 8 5 13 7 18 21 2 24 22 4 12 17 3 10 9 25],(24)
911,[14 11 23 19 1 20 15 6 16 8 5 12 7 18 21 2 24 22 4 13 17 3 10 9 25],(24)
912,[14 11 23 19 1 20 15 6 16 8 5 12 7 18 21 2 24 22 4 13 17 3 9 10 25],(22)
913,[14 11 23 19 1 20 15 6 16 8 5 13 7 18 21 2 24 22 4 12 17 3 9 10 25],(22)
914,[14 11 23 18 1 20 15 6 16 8 5 13 7 19 21 2 24 22 4 12 17 3 9 10 25],(22)
915,[14 11 23 18 1 20 15 6 16 8 5 13 7 19 21 2 24 22 4 12 17 3 10 9 25],(22)
916,[14 11 23 18 1 20 15 6 16 8 5 13 7 19 21 3 24 22 4 12 17 2 10 9 25],(18)
917,[14 11 23 18 1 20 15 7 16 8 5 13 6 19 21 3 24 22 4 12 17 2 10 9 25],(24)
918,[14 11 23 18 1 20 15 6 16 8 5 13 7 19 21 3 24 22 4 12 17 2 10 9 25],(18)
919,[14 11 23 18 1 20 15 6 16 8 5 13 7 19 21 3 25 22 4 12 17 2 10 9 24],(24)
920,[14 11 23 18 1 20 15 7 16 8 5 13 6 19 21 3 25 22 4 12 17 2 10 9 24],(26)
921,[14 11 23 18 1 20 15 7 16 8 5 13 6 19 21 3 24 22 4 12 17 2 10 9 25],(24)
922,[14 11 23 18 1 20 15 6 16 8 5 13 7 19 21 3 24 22 4 12 17 2 10 9 25],(18)
923,[14 11 22 18 1 20 15 6 16 8 5 13 7 19 21 3 24 23 4 12 17 2 10 9 25],(22)
924,[14 11 22 18 1 20 15 6 16 8 7 13 5 19 21 3 24 23 4 12 17 2 10 9 25],(22)
925,[14 11 22 18 1 20 15 6 16 8 7 13 5 19 21 3 24 23 2 12 17 4 10 9 25],(26)
926,[14 11 22 18 1 20 15 6 16 8 7 13 5 19 21 3 24 23 4 12 17 2 10 9 25],(22)
927,[14 11 22 18 1 20 15 6 16 8 7 13 5 19 21 4 24 23 3 12 17 2 10 9 25],(20)
928,[14 11 22 18 1 21 15 6 16 8 7 13 5 19 20 4 24 23 3 12 17 2 10 9 25],(22)
929,[14 11 22 18 1 21 15 4 16 8 7 13 5 19 20 6 24 23 3 12 17 2 10 9 25],(24)
930,[14 11 22 18 1 21 15 6 16 8 7 13 5 19 20 4 24 23 3 12 17 2 10 9 25],(22)
931,[15 11 22 18 1 21 14 6 16 8 7 13 5 19 20 4 24 23 3 12 17 2 10 9 25],(24)
932,[15 11 23 18 1 21 14 6 16 8 7 13 5 19 20 4 24 22 3 12 17 2 10 9 25],(20)
933,[15 11 23 18 1 21 14 6 16 8 7 13 5 19 20 4 25 22 3 12 17 2 10 9 24],(20)
934,[15 11 23 18 1 21 14 5 16 8 7 13 6 19 20 4 25 22 3 12 17 2 10 9 24],(20)
935,[15 11 23 18 1 21 14 5 16 8 6 13 7 19 20 4 25 22 3 12 17 2 10 9 24],(22)
936,[15 11 23 16 1 21 14 5 18 8 6 13 7 19 20 4 25 22 3 12 17 2 10 9 24],(24)
937,[14 11 23 16 1 21 15 5 18 8 6 13 7 19 20 4 25 22 3 12 17 2 10 9 24],(24)
938,[14 11 23 16 1 20 15 5 18 8 6 13 7 19 21 4 25 22 3 12 17 2 10 9 24],(26)
939,[14 11 23 16 1 21 15 5 18 8 6 13 7 19 20 4 25 22 3 12 17 2 10 9 24],(24)
940,[15 11 23 16 1 21 14 5 18 8 6 13 7 19 20 4 25 22 3 12 17 2 10 9 24],(24)
941,[15 11 23 16 1 21 14 4 18 8 6 13 7 19 20 5 25 22 3 12 17 2 10 9 24],(24)
942,[15 11 23 16 1 21 14 5 18 8 6 13 7 19 20 4 25 22 3 12 17 2 10 9 24],(24)
943,[14 11 23 16 1 21 15 5 18 8 6 13 7 19 20 4 25 22 3 12 17 2 10 9 24],(24)
944,[14 11 23 18 1 21 15 5 16 8 6 13 7 19 20 4 25 22 3 12 17 2 10 9 24],(20)
945,[14 11 23 18 1 21 15 5 16 8 7 13 6 19 20 4 25 22 3 12 17 2 10 9 24],(20)
946,[14 11 23 18 1 21 15 6 16 8 7 13 5 19 20 4 25 22 3 12 17 2 10 9 24],(22)
947,[14 11 23 18 1 21 15 5 16 8 7 13 6 19 20 4 25 22 3 12 17 2 10 9 24],(20)
948,[14 11 23 18 1 22 15 5 16 8 7 13 6 19 20 4 25 21 3 12 17 2 10 9 24],(20)
949,[14 11 23 18 1 22 15 5 16 8 7 13 6 20 19 4 25 21 3 12 17 2 10 9 24],(20)
950,[14 11 23 18 1 22 15 5 16 8 7 13 6 19 20 4 25 21 3 12 17 2 10 9 24],(20)
951,[14 11 23 18 1 22 15 5 16 8 7 13 6 20 19 4 25 21 3 12 17 2 10 9 24],(20)
952,[14 11 23 18 1 22 15 5 16 8 7 13 6 19 20 4 25 21 3 12 17 2 10 9 24],(20)
953,[14 11 23 18 1 22 15 5 16 9 7 13 6 19 20 4 25 21 3 12 17 2 10 8 24],(22)
954,[14 11 23 18 1 22 15 5 16 9 7 13 6 19 20 3 25 21 4 12 17 2 10 8 24],(24)
955,[14 11 23 17 1 22 15 5 16 9 7 13 6 19 20 3 25 21 4 12 18 2 10 8 24],(22)
956,[14 11 23 18 1 22 15 5 16 9 7 13 6 19 20 3 25 21 4 12 17 2 10 8 24],(24)
957,[14 11 23 18 1 22 15 5 16 9 7 13 6 19 20 2 25 21 4 12 17 3 10 8 24],(28)
958,[14 11 23 18 1 22 15 5 16 9 7 13 6 20 19 2 25 21 4 12 17 3 10 8 24],(28)
959,[14 11 23 18 1 22 15 5 16 9 7 13 6 20 19 2 24 21 4 12 17 3 10 8 25],(26)
960,[14 10 23 18 1 22 15 5 16 9 7 13 6 20 19 2 24 21 4 12 17 3 11 8 25],(26)
961,[14 10 23 18 1 22 15 5 16 9 7 13 6 20 19 4 24 21 2 12 17 3 11 8 25],(22)
962,[14 10 23 18 1 22 15 5 16 8 7 13 6 20 19 4 24 21 2 12 17 3 11 9 25],(18)
963,[14 10 22 18 1 23 15 5 16 8 7 13 6 20 19 4 24 21 2 12 17 3 11 9 25],(16)
964,[14 10 23 18 1 22 15 5 16 8 7 13 6 20 19 4 24 21 2 12 17 3 11 9 25],(18)
965,[14 10 23 18 1 22 15 5 16 7 8 13 6 20 19 4 24 21 2 12 17 3 11 9 25],(18)
966,[14 10 23 18 1 22 15 5 16 6 8 13 7 20 19 4 24 21 2 12 17 3 11 9 25],(20)
967,[14 10 23 18 1 22 15 6 16 5 8 13 7 20 19 4 24 21 2 12 17 3 11 9 25],(22)
968,[14 11 23 18 1 22 15 6 16 5 8 13 7 20 19 4 24 21 2 12 17 3 10 9 25],(24)
969,[14 11 23 18 1 22 15 6 16 5 8 13 7 20 19 3 24 21 2 12 17 4 10 9 25],(24)
970,[14 11 23 18 1 22 15 5 16 6 8 13 7 20 19 3 24 21 2 12 17 4 10 9 25],(22)
971,[14 11 23 18 1 22 15 5 16 8 6 13 7 20 19 3 24 21 2 12 17 4 10 9 25],(20)
972,[15 11 23 18 1 22 14 5 16 8 6 13 7 20 19 3 24 21 2 12 17 4 10 9 25],(20)
973,[14 11 23 18 1 22 15 5 16 8 6 13 7 20 19 3 24 21 2 12 17 4 10 9 25],(20)
974,[14 11 23 18 1 22 15 5 16 8 6 13 7 20 19 2 24 21 3 12 17 4 10 9 25],(22)
975,[15 11 23 18 1 22 14 5 16 8 6 13 7 20 19 2 24 21 3 12 17 4 10 9 25],(22)
976,[15 11 24 18 1 22 14 5 16 8 6 13 7 20 19 2 23 21 3 12 17 4 10 9 25],(22)
977,[15 11 24 18 1 22 14 5 16 8 6 13 7 20 19 4 23 21 3 12 17 2 10 9 25],(18)
978,[15 11 24 18 1 22 14 4 16 8 6 13 7 20 19 5 23 21 3 12 17 2 10 9 25],(18)
979,[15 11 24 18 1 22 14 4 16 8 6 13 7 21 19 5 23 20 3 12 17 2 10 9 25],(18)
980,[16 11 24 18 1 22 14 4 15 8 6 13 7 21 19 5 23 20 3 12 17 2 10 9 25],(20)
981,[16 11 24 15 1 22 14 4 18 8 6 13 7 21 19 5 23 20 3 12 17 2 10 9 25],(24)
982,[16 11 24 18 1 22 15 4 14 8 6 13 7 21 19 5 23 20 3 12 17 2 10 9 25],(22)
983,[16 10 24 18 1 22 15 4 14 8 6 13 7 21 19 5 23 20 3 12 17 2 11 9 25],(24)
984,[16 10 23 18 1 22 15 4 14 8 6 13 7 21 19 5 24 20 3 12 17 2 11 9 25],(20)
985,[14 10 23 18 1 22 15 4 16 8 6 13 7 21 19 5 24 20 3 12 17 2 11 9 25],(12)
986,[14 10 23 18 1 22 15 4 16 8 6 13 7 20 19 5 24 21 3 12 17 2 11 9 25],(12)
987,[14 10 23 17 1 22 15 4 16 8 6 13 7 20 19 5 24 21 3 12 18 2 11 9 25],(8)
988,[14 11 23 17 1 22 15 4 16 8 6 13 7 20 19 5 24 21 3 12 18 2 10 9 25],(6)
989,[14 11 24 17 1 22 15 4 16 8 6 13 7 20 19 5 23 21 3 12 18 2 10 9 25],(12)
990,[14 11 24 17 1 22 15 4 16 8 7 13 6 20 19 5 23 21 3 12 18 2 10 9 25],(14)
991,[13 11 24 17 1 22 15 4 16 8 7 14 6 20 19 5 23 21 3 12 18 2 10 9 25],(14)
992,[13 11 24 17 1 22 15 4 16 8 6 14 7 20 19 5 23 21 3 12 18 2 10 9 25],(14)
993,[13 10 24 17 1 22 15 4 16 8 6 14 7 20 19 5 23 21 3 12 18 2 11 9 25],(14)
994,[12 10 24 17 1 22 15 4 16 8 6 14 7 20 19 5 23 21 3 13 18 2 11 9 25],(18)
995,[13 10 24 17 1 22 15 4 16 8 6 14 7 20 19 5 23 21 3 12 18 2 11 9 25],(14)
996,[13 10 24 17 1 22 15 4 16 8 6 14 9 20 19 5 23 21 3 12 18 2 11 7 25],(20)
997,[12 10 24 17 1 22 15 4 16 8 6 14 9 20 19 5 23 21 3 13 18 2 11 7 25],(22)
998,[12 10 24 17 1 22 15 4 16 8 6 14 9 20 18 5 23 21 3 13 19 2 11 7 25],(20)
999,[12 10 24 17 1 22 15 4 16 8 7 14 9 20 18 5 23 21 3 13 19 2 11 6 25],(24)
1000,[12 10 24 17 1 22 15 3 16 8 7 14 9 20 18 5 23 21 4 13 19 2 11 6 25],(22)
1001,[12 10 24 17 1 22 15 3 16 8 7 14 9 21 18 5 23 20 4 13 19 2 11 6 25],(22)
1002,[12 10 24 17 1 22 15 3 16 8 6 14 9 21 18 5 23 20 4 13 19 2 11 7 25],(18)
1003,[12 9 24 17 1 22 15 3 16 8 6 14 10 21 18 5 23 20 4 13 19 2 11 7 25],(24)
1004,[12 9 24 17 1 22 15 3 16 10 6 14 8 21 18 5 23 20 4 13 19 2 11 7 25],(20)
1005,[12 11 24 17 1 22 15 3 16 10 6 14 8 21 18 5 23 20 4 13 19 2 9 7 25],(18)
1006,[12 11 24 17 1 22 15 3 16 10 6 14 8 19 18 5 23 20 4 13 21 2 9 7 25],(20)
1007,[12 11 24 18 1 22 15 3 16 10 6 14 8 19 17 5 23 20 4 13 21 2 9 7 25],(22)
1008,[12 11 24 18 1 22 15 3 16 10 6 14 9 19 17 5 23 20 4 13 21 2 8 7 25],(22)
1009,[12 11 24 18 1 22 15 2 16 10 6 14 9 19 17 5 23 20 4 13 21 3 8 7 25],(20)
1010,[12 11 24 18 1 22 15 2 16 10 6 14 9 21 17 5 23 20 4 13 19 3 8 7 25],(22)
1011,[12 11 24 18 1 22 15 2 16 10 6 14 9 20 17 5 23 21 4 13 19 3 8 7 25],(18)
1012,[12 11 24 18 1 22 15 2 16 10 6 14 9 19 17 5 23 21 4 13 20 3 8 7 25],(16)
1013,[12 11 24 18 1 22 14 2 16 10 6 15 9 19 17 5 23 21 4 13 20 3 8 7 25],(20)
1014,[12 11 24 18 1 22 14 2 16 8 6 15 9 19 17 5 23 21 4 13 20 3 10 7 25],(20)
1015,[12 11 24 18 1 22 15 2 16 8 6 14 9 19 17 5 23 21 4 13 20 3 10 7 25],(16)
1016,[12 11 24 18 1 22 15 2 16 9 6 14 8 19 17 5 23 21 4 13 20 3 10 7 25],(14)
1017,[12 11 24 17 1 22 15 2 18 9 6 14 8 19 16 5 23 21 4 13 20 3 10 7 25],(18)
1018,[12 11 24 17 1 22 15 2 18 9 6 14 8 20 16 5 23 21 4 13 19 3 10 7 25],(18)
1019,[12 11 24 17 1 22 14 2 18 9 6 15 8 20 16 5 23 21 4 13 19 3 10 7 25],(18)
1020,[12 11 24 17 1 22 14 2 18 9 6 15 8 20 16 4 23 21 5 13 19 3 10 7 25],(18)
1021,[12 10 24 17 1 22 14 2 18 9 6 15 8 20 16 4 23 21 5 13 19 3 11 7 25],(20)
1022,[12 10 24 18 1 22 14 2 17 9 6 15 8 20 16 4 23 21 5 13 19 3 11 7 25],(20)
1023,[12 10 24 18 1 22 14 2 17 9 6 15 8 20 16 5 23 21 4 13 19 3 11 7 25],(18)
1024,[12 10 24 18 1 23 14 2 17 9 6 15 8 20 16 5 22 21 4 13 19 3 11 7 25],(14)
1025,[12 10 24 18 1 23 14 2 17 9 6 15 8 21 16 5 22 20 4 13 19 3 11 7 25],(14)
1026,[12 10 24 18 1 23 15 2 17 9 6 14 8 21 16 5 22 20 4 13 19 3 11 7 25],(12)
1027,[12 10 24 18 1 22 15 2 17 9 6 14 8 21 16 5 23 20 4 13 19 3 11 7 25],(14)
1028,[12 10 24 18 1 22 15 2 17 9 5 14 8 21 16 6 23 20 4 13 19 3 11 7 25],(16)
1029,[12 10 24 18 1 23 15 2 17 9 5 14 8 21 16 6 22 20 4 13 19 3 11 7 25],(12)
1030,[12 10 24 18 1 23 15 2 17 9 6 14 8 21 16 5 22 20 4 13 19 3 11 7 25],(12)
1031,[12 10 24 18 1 23 15 2 17 9 6 14 8 22 16 5 21 20 4 13 19 3 11 7 25],(16)
1032,[12 11 24 18 1 23 15 2 17 9 6 14 8 22 16 5 21 20 4 13 19 3 10 7 25],(20)
1033,[12 11 24 18 1 23 17 2 15 9 6 14 8 22 16 5 21 20 4 13 19 3 10 7 25],(22)
1034,[12 11 24 18 1 23 17 2 15 9 6 14 8 22 16 5 21 20 3 13 19 4 10 7 25],(22)
1035,[12 11 24 18 1 23 16 2 15 9 6 14 8 22 17 5 21 20 3 13 19 4 10 7 25],(18)
1036,[12 10 24 18 1 23 16 2 15 9 6 14 8 22 17 5 21 20 3 13 19 4 11 7 25],(14)
1037,[12 10 24 18 1 23 16 2 15 9 6 14 8 22 17 5 21 19 3 13 20 4 11 7 25],(18)
1038,[12 10 24 18 1 23 16 2 15 9 5 14 8 22 17 6 21 19 3 13 20 4 11 7 25],(16)
1039,[12 10 24 18 1 22 16 2 15 9 5 14 8 21 17 6 23 19 3 13 20 4 11 7 25],(18)
1040,[12 10 24 18 1 22 16 2 15 9 5 14 8 21 17 6 23 19 4 13 20 3 11 7 25],(12)
1041,[12 9 24 18 1 22 16 2 15 10 5 14 8 21 17 6 23 19 4 13 20 3 11 7 25],(12)
1042,[12 9 25 18 1 22 16 2 15 10 5 14 8 21 17 6 23 19 4 13 20 3 11 7 24],(12)
1043,[12 9 25 18 1 22 16 2 15 10 5 14 7 21 17 6 23 19 4 13 20 3 11 8 24],(16)
1044,[12 9 25 18 1 22 14 2 15 10 5 16 7 21 17 6 23 19 4 13 20 3 11 8 24],(18)
1045,[12 9 25 18 1 22 14 2 15 10 4 16 7 21 17 6 23 19 5 13 20 3 11 8 24],(18)
1046,[12 9 25 18 1 22 14 2 15 10 4 16 7 21 17 5 23 19 6 13 20 3 11 8 24],(16)
1047,[12 9 25 18 1 22 14 2 15 10 4 16 7 21 17 6 23 19 5 13 20 3 11 8 24],(18)
1048,[12 9 25 18 1 22 15 2 14 10 4 16 7 21 17 6 23 19 5 13 20 3 11 8 24],(14)
1049,[12 9 25 18 1 22 15 2 13 10 4 16 7 21 17 6 23 19 5 14 20 3 11 8 24],(20)
1050,[12 10 25 18 1 22 15 2 13 9 4 16 7 21 17 6 23 19 5 14 20 3 11 8 24],(22)
1051,[12 10 25 18 1 22 15 2 13 9 4 16 7 20 17 6 23 19 5 14 21 3 11 8 24],(24)
1052,[12 10 25 18 1 22 16 2 13 9 4 15 7 20 17 6 23 19 5 14 21 3 11 8 24],(22)
1053,[12 10 25 18 1 22 15 2 13 9 4 16 7 20 17 6 23 19 5 14 21 3 11 8 24],(24)
1054,[12 10 25 18 1 22 15 2 13 9 4 16 7 21 17 6 23 19 5 14 20 3 11 8 24],(22)
1055,[12 9 25 18 1 22 15 2 13 10 4 16 7 21 17 6 23 19 5 14 20 3 11 8 24],(20)
1056,[12 9 25 18 1 22 15 2 14 10 4 16 7 21 17 6 23 19 5 13 20 3 11 8 24],(14)
1057,[12 9 25 18 1 22 15 2 14 10 5 16 7 21 17 6 23 19 4 13 20 3 11 8 24],(16)
1058,[12 9 25 17 1 22 15 2 14 10 5 16 7 21 18 6 23 19 4 13 20 3 11 8 24],(18)
1059,[12 9 25 18 1 22 15 2 14 10 5 16 7 21 17 6 23 19 4 13 20 3 11 8 24],(16)
1060,[12 9 25 18 2 22 15 1 14 10 5 16 7 21 17 6 23 19 4 13 20 3 11 8 24],(22)
1061,[12 9 25 18 2 22 15 1 14 11 5 16 7 21 17 6 23 19 4 13 20 3 10 8 24],(24)
1062,[12 11 25 18 2 22 15 1 14 9 5 16 7 21 17 6 23 19 4 13 20 3 10 8 24],(24)
1063,[12 9 25 18 2 22 15 1 14 11 5 16 7 21 17 6 23 19 4 13 20 3 10 8 24],(24)
1064,[12 9 25 18 2 22 15 1 14 11 4 16 7 21 17 6 23 19 5 13 20 3 10 8 24],(22)
1065,[12 9 25 18 2 22 15 1 14 10 4 16 7 21 17 6 23 19 5 13 20 3 11 8 24],(20)
1066,[12 9 25 18 2 22 15 1 13 10 4 16 7 21 17 6 23 19 5 14 20 3 11 8 24],(22)
1067,[12 9 25 18 2 23 15 1 13 10 4 16 7 21 17 6 22 19 5 14 20 3 11 8 24],(18)
1068,[12 9 25 18 2 22 15 1 13 10 4 16 7 21 17 6 23 19 5 14 20 3 11 8 24],(22)
1069,[12 9 25 18 2 23 15 1 13 10 4 16 7 21 17 6 22 19 5 14 20 3 11 8 24],(18)
1070,[12 9 25 18 2 23 16 1 13 10 4 15 7 21 17 6 22 19 5 14 20 3 11 8 24],(18)
1071,[12 9 25 18 2 23 15 1 13 10 4 16 7 21 17 6 22 19 5 14 20 3 11 8 24],(18)
1072,[12 9 24 18 2 23 15 1 13 10 4 16 7 21 17 6 22 19 5 14 20 3 11 8 25],(20)
1073,[12 9 24 17 2 23 15 1 13 10 4 16 7 21 18 6 22 19 5 14 20 3 11 8 25],(24)
1074,[12 9 24 18 2 23 15 1 13 10 4 16 7 21 17 6 22 19 5 14 20 3 11 8 25],(20)
1075,[12 9 25 18 2 23 15 1 13 10 4 16 7 21 17 6 22 19 5 14 20 3 11 8 24],(18)
1076,[12 9 25 18 1 23 15 2 13 10 4 16 7 21 17 6 22 19 5 14 20 3 11 8 24],(16)
1077,[12 9 25 18 1 24 15 2 13 10 4 16 7 21 17 6 22 19 5 14 20 3 11 8 23],(16)
1078,[12 9 25 18 1 24 15 2 14 10 4 16 7 21 17 6 22 19 5 13 20 3 11 8 23],(12)
1079,[12 9 25 18 1 24 15 2 14 10 4 16 7 21 17 6 22 20 5 13 19 3 11 8 23],(16)
1080,[12 9 25 18 1 23 15 2 14 10 4 16 7 21 17 6 22 20 5 13 19 3 11 8 24],(14)
1081,[12 9 25 18 1 23 15 2 14 10 4 16 7 21 17 6 22 19 5 13 20 3 11 8 24],(10)
1082,[12 9 25 18 1 23 15 2 14 10 4 16 8 21 17 6 22 19 5 13 20 3 11 7 24],(6)
1083,[12 9 25 18 1 23 14 2 15 10 4 16 8 21 17 6 22 19 5 13 20 3 11 7 24],(12)
1084,[12 9 25 18 1 23 15 2 14 10 4 16 8 21 17 6 22 19 5 13 20 3 11 7 24],(6)
1085,[12 9 25 18 1 22 15 2 14 10 4 16 8 21 17 6 23 19 5 13 20 3 11 7 24],(12)
1086,[12 9 25 18 1 22 15 2 14 10 4 16 7 21 17 6 23 19 5 13 20 3 11 8 24],(14)
1087,[12 9 25 18 1 22 15 2 14 10 4 16 7 21 17 5 23 19 6 13 20 3 11 8 24],(14)
1088,[12 9 25 18 1 22 14 2 15 10 4 16 7 21 17 5 23 19 6 13 20 3 11 8 24],(16)
1089,[12 9 25 18 1 22 15 2 14 10 4 16 7 21 17 5 23 19 6 13 20 3 11 8 24],(14)
1090,[12 9 25 18 1 22 15 2 14 11 4 16 7 21 17 5 23 19 6 13 20 3 10 8 24],(16)
1091,[12 9 25 18 1 22 15 2 14 11 4 16 8 21 17 5 23 19 6 13 20 3 10 7 24],(16)
1092,[12 9 25 18 1 22 16 2 14 11 4 15 8 21 17 5 23 19 6 13 20 3 10 7 24],(16)
1093,[12 9 25 18 1 24 16 2 14 11 4 15 8 21 17 5 22 19 6 13 20 3 10 7 23],(12)
1094,[12 9 25 18 1 23 16 2 14 11 4 15 8 21 17 5 22 19 6 13 20 3 10 7 24],(10)
1095,[12 9 25 18 1 22 16 2 14 11 4 15 8 21 17 5 23 19 6 13 20 3 10 7 24],(16)
1096,[12 9 25 18 1 22 16 2 14 11 4 15 8 20 17 5 23 19 6 13 21 3 10 7 24],(14)
1097,[13 9 25 18 1 22 16 2 14 11 4 15 8 20 17 5 23 19 6 12 21 3 10 7 24],(16)
1098,[13 9 25 18 1 22 15 2 14 11 4 16 8 20 17 5 23 19 6 12 21 3 10 7 24],(14)
1099,[13 10 25 18 1 22 15 2 14 11 4 16 8 20 17 5 23 19 6 12 21 3 9 7 24],(16)
1100,[13 10 25 17 1 22 15 2 14 11 4 16 8 20 18 5 23 19 6 12 21 3 9 7 24],(18)
1101,[12 10 25 17 1 22 15 2 14 11 4 16 8 20 18 5 23 19 6 13 21 3 9 7 24],(18)
1102,[12 10 25 17 1 22 15 2 14 11 4 16 8 20 18 6 23 19 5 13 21 3 9 7 24],(20)
1103,[12 10 25 17 1 22 15 2 13 11 4 16 8 20 18 6 23 19 5 14 21 3 9 7 24],(22)
1104,[12 8 25 17 1 22 15 2 13 11 4 16 9 20 18 6 23 19 5 14 21 3 10 7 24],(18)
1105,[12 8 25 17 1 22 15 2 14 11 4 16 9 20 18 6 23 19 5 13 21 3 10 7 24],(18)
1106,[12 8 25 18 1 22 15 2 14 11 4 16 9 20 17 6 23 19 5 13 21 3 10 7 24],(16)
1107,[12 9 25 18 1 22 15 2 14 11 4 16 8 20 17 6 23 19 5 13 21 3 10 7 24],(14)
1108,[12 9 25 18 1 22 15 2 14 11 4 17 8 20 16 6 23 19 5 13 21 3 10 7 24],(18)
1109,[12 9 25 18 1 23 15 2 14 11 4 17 8 20 16 6 22 19 5 13 21 3 10 7 24],(14)
1110,[12 9 25 18 1 23 15 2 14 10 4 17 8 20 16 6 22 19 5 13 21 3 11 7 24],(16)
1111,[12 9 25 18 1 23 15 2 14 10 4 17 8 20 16 6 21 19 5 13 22 3 11 7 24],(20)
1112,[12 9 25 18 1 23 15 2 14 10 4 17 8 20 16 5 21 19 6 13 22 3 11 7 24],(16)
1113,[12 9 25 18 1 23 15 2 14 10 4 17 8 20 16 5 22 19 6 13 21 3 11 7 24],(12)
1114,[12 9 25 18 1 23 14 2 15 10 4 17 8 20 16 5 22 19 6 13 21 3 11 7 24],(14)
1115,[12 9 25 18 1 23 14 2 16 10 4 17 8 20 15 5 22 19 6 13 21 3 11 7 24],(18)
1116,[12 9 25 18 1 23 14 2 16 11 4 17 8 20 15 5 22 19 6 13 21 3 10 7 24],(18)
1117,[12 9 25 18 1 23 14 2 16 11 4 15 8 20 17 5 22 19 6 13 21 3 10 7 24],(16)
1118,[12 9 25 18 1 23 14 3 16 11 4 15 8 20 17 5 22 19 6 13 21 2 10 7 24],(18)
1119,[12 9 25 18 1 23 13 3 16 11 4 15 8 20 17 5 22 19 6 14 21 2 10 7 24],(22)
1120,[12 9 25 18 1 23 13 3 15 11 4 16 8 20 17 5 22 19 6 14 21 2 10 7 24],(20)
1121,[12 9 25 18 1 23 13 3 15 11 4 16 8 21 17 5 22 19 6 14 20 2 10 7 24],(22)
1122,[12 9 25 18 1 23 14 3 15 11 4 16 8 21 17 5 22 19 6 13 20 2 10 7 24],(18)
1123,[12 9 25 18 1 23 15 3 14 11 4 16 8 21 17 5 22 19 6 13 20 2 10 7 24],(14)
1124,[12 9 25 18 1 23 15 3 14 11 4 16 7 21 17 5 22 19 6 13 20 2 10 8 24],(16)
1125,[12 9 25 18 1 23 14 3 15 11 4 16 7 21 17 5 22 19 6 13 20 2 10 8 24],(18)
1126,[12 9 25 18 1 22 14 3 15 11 4 16 7 21 17 5 23 19 6 13 20 2 10 8 24],(20)
1127,[12 9 25 18 1 22 14 3 15 10 4 16 7 21 17 5 23 19 6 13 20 2 11 8 24],(18)
1128,[12 9 25 18 1 23 14 3 15 10 4 16 7 21 17 5 22 19 6 13 20 2 11 8 24],(16)
1129,[12 9 25 18 1 23 14 3 15 10 5 16 7 21 17 4 22 19 6 13 20 2 11 8 24],(18)
1130,[12 9 25 18 1 23 14 2 15 10 5 16 7 21 17 4 22 19 6 13 20 3 11 8 24],(18)
1131,[12 9 25 18 1 23 16 2 15 10 5 14 7 21 17 4 22 19 6 13 20 3 11 8 24],(18)
1132,[12 9 25 18 1 23 16 2 15 10 6 14 7 21 17 4 22 19 5 13 20 3 11 8 24],(18)
1133,[12 9 25 18 1 23 16 2 15 10 5 14 7 21 17 4 22 19 6 13 20 3 11 8 24],(18)
1134,[12 9 25 18 1 23 16 2 14 10 5 15 7 21 17 4 22 19 6 13 20 3 11 8 24],(16)
1135,[12 9 25 18 1 23 16 2 14 10 5 15 8 21 17 4 22 19 7 13 20 3 11 6 24],(14)
1136,[12 9 25 18 1 23 16 2 14 10 7 15 8 21 17 4 22 19 5 13 20 3 11 6 24],(18)
1137,[12 9 25 18 1 23 16 2 14 10 6 15 8 21 17 4 22 19 5 13 20 3 11 7 24],(12)
1138,[12 9 25 17 1 23 16 2 14 10 6 15 8 21 18 4 22 19 5 13 20 3 11 7 24],(16)
1139,[12 9 25 17 2 23 16 1 14 10 6 15 8 21 18 4 22 19 5 13 20 3 11 7 24],(22)
1140,[12 9 25 17 2 23 16 1 14 10 4 15 8 21 18 6 22 19 5 13 20 3 11 7 24],(14)
1141,[12 9 25 18 2 23 16 1 14 10 4 15 8 21 17 6 22 19 5 13 20 3 11 7 24],(8)
1142,[12 9 25 18 1 23 16 2 14 10 4 15 8 21 17 6 22 19 5 13 20 3 11 7 24],(0)
